# extended ;1
# legs ;['blueleg']
# legs model ;['tetra']
# legs young modulus ;[35000.]
# legs poisson ratio ;[0.45]
# legs position on motor ;['counterclockwisedown', 'clockwisedown', 'counterclockwisedown', 'clockwisedown']
# connector ;bluepart
# connector type ;rigid
Target;Simulation;DepthCamera;Polhemus
[  0. -90.   0.];[-7.42630186e-05 -9.02460667e+01  1.00119240e-05];[  3.0701336  -95.03068518   1.22324726];[0.0, 0.0, 0.0]
[ 24. -98.   0.];[ 2.18816948e+01 -9.83604423e+01 -2.51952563e-02];[  19.56934877 -101.97007544    1.17820989];[0.0, 0.0, 0.0]
[ 16. -98. -16.];[ 15.9359747  -98.54446314 -15.82004605];[  17.42679673 -103.20368438  -12.31255204];[0.0, 0.0, 0.0]
[ 16. -98.  -8.];[ 15.90862793 -98.48278796  -7.96945564];[  16.45637753 -102.66202317   -6.53521611];[0.0, 0.0, 0.0]
[ 16. -98.   0.];[ 1.59143597e+01 -9.84659247e+01 -1.50143749e-02];[  16.36278603 -102.48322572    0.48460261];[0.0, 0.0, 0.0]
[ 16. -98.   8.];[ 15.92239927 -98.45558183   7.94428506];[  16.35150317 -102.49304736    7.36275121];[0.0, 0.0, 0.0]
[ 16. -98.  16.];[ 15.92381366 -98.51006881  15.90203957];[  16.36514201 -102.83555641   14.511008  ];[0.0, 0.0, 0.0]
[  8. -98.  16.];[  7.96954836 -98.47517237  15.91011176];[   8.8197572  -102.0533266    13.84464406];[0.0, 0.0, 0.0]
[  8. -98.   8.];[  7.96490285 -98.40278502   7.95784336];[   9.54181034 -102.12554171    7.49060622];[0.0, 0.0, 0.0]
[  8. -98.   0.];[ 7.96011244e+00 -9.83935623e+01 -2.20006654e-03];[  10.14490522 -102.59275475    1.23213533];[0.0, 0.0, 0.0]
[  8. -98.  -8.];[  7.95516154 -98.40331713  -7.96216049];[  10.32187794 -102.71458824   -5.79443827];[0.0, 0.0, 0.0]
[  8. -98. -16.];[  7.94786765 -98.44968556 -15.92093526];[   9.75361821 -102.63965064  -13.19494893];[0.0, 0.0, 0.0]
[  0. -98. -24.];[-1.08353475e-02 -9.84989539e+01 -2.38719820e+01];[   1.59671068 -101.57473787  -21.07897913];[0.0, 0.0, 0.0]
[  0. -98. -16.];[-1.15394700e-02 -9.84525896e+01 -1.59192341e+01];[   2.27646043 -101.84893456  -13.72121225];[0.0, 0.0, 0.0]
[  0. -98.  -8.];[-5.18141255e-03 -9.83879278e+01 -7.96336440e+00];[   2.80055261 -102.06351985   -6.20009652];[0.0, 0.0, 0.0]
[  0. -98.   0.];[-1.00251096e-04 -9.83207460e+01 -2.94351529e-03];[   3.00208206 -102.21234248    0.76224262];[0.0, 0.0, 0.0]
[  0. -98.   8.];[ 4.94847853e-03 -9.83878191e+01  7.95793216e+00];[   2.70463234 -102.10898511    7.95043924];[0.0, 0.0, 0.0]
[  0. -98.  16.];[ 1.12977501e-02 -9.84528669e+01  1.59141336e+01];[   2.17196416 -101.92186659   14.22102892];[0.0, 0.0, 0.0]
[  0. -98.  24.];[ 1.76602023e-02 -9.84958913e+01  2.38770205e+01];[   1.25229593 -101.83253265   20.24392606];[0.0, 0.0, 0.0]
[ -8. -98.  16.];[ -7.94131954 -98.45040078  15.92991051];[  -5.14223574 -101.73071989   14.16621805];[0.0, 0.0, 0.0]
[ -8. -98.   8.];[ -7.95534245 -98.4031947    7.96751655];[  -4.1472655  -102.13077928    8.15308667];[0.0, 0.0, 0.0]
[ -8. -98.   0.];[-7.96027869e+00 -9.83933031e+01  8.12590905e-03];[  -4.36247302 -101.88876816    0.97286747];[0.0, 0.0, 0.0]
[ -8. -98.  -8.];[ -7.96498585 -98.40322793  -7.95247183];[  -5.03355525 -101.44185407   -6.93045345];[0.0, 0.0, 0.0]
[ -8. -98. -16.];[ -7.9672148  -98.47561205 -15.90741362];[  -5.30434258 -101.35921653  -14.03215906];[0.0, 0.0, 0.0]
[-16. -98. -16.];[-15.92130367 -98.51006303 -15.90495519];[ -12.19228788 -101.11900183  -14.3279972 ];[0.0, 0.0, 0.0]
[-16. -98.  -8.];[-15.92277719 -98.45500094  -7.95007646];[ -12.17920077 -101.24947732   -7.05364327];[0.0, 0.0, 0.0]
[-16. -98.   0.];[-1.59147405e+01 -9.84654142e+01  8.57776601e-03];[ -11.67811516 -101.52651269    0.26220836];[0.0, 0.0, 0.0]
[-16. -98.   8.];[-15.90891321 -98.48270562   7.96364841];[ -11.96521203 -101.71225558    7.49559738];[0.0, 0.0, 0.0]
[-16. -98.  16.];[-15.90495858 -98.51054776  15.9210247 ];[ -12.03853821 -101.83983998   14.67661274];[0.0, 0.0, 0.0]
[-24. -98.   0.];[-23.78214862 -98.57818935   0.1736336 ];[ -18.68576471 -101.46403863    0.5603249 ];[0.0, 0.0, 0.0]
[ -32. -106.    0.];[-3.18772709e+01 -1.06424924e+02  1.37369621e-02];[ -23.64824744 -108.10900729    0.22760293];[0.0, 0.0, 0.0]
[ -24. -106.  -16.];[ -23.97195761 -106.50149059  -15.80696194];[ -18.77335959 -108.20199337  -13.67702669];[0.0, 0.0, 0.0]
[ -24. -106.   -8.];[ -23.91399046 -106.43498474   -7.96646157];[ -18.45321081 -108.31370563   -6.94776764];[0.0, 0.0, 0.0]
[ -24. -106.    0.];[-2.39090958e+01 -1.06433284e+02  7.97497552e-03];[ -18.79282914 -108.23709599    0.39184447];[0.0, 0.0, 0.0]
[ -24. -106.    8.];[ -23.90707309 -106.43772215    7.98240864];[ -18.56216852 -108.7639933     8.40205081];[0.0, 0.0, 0.0]
[ -24. -106.   16.];[ -23.90746567 -106.45036767   15.95584215];[ -18.89296938 -108.68506355   15.01820591];[0.0, 0.0, 0.0]
[ -16. -106.   24.];[ -15.94353779 -106.45722105   23.9125076 ];[ -13.03275736 -108.19969956   20.20709514];[0.0, 0.0, 0.0]
[ -16. -106.   16.];[ -15.9347679  -106.44447361   15.95098189];[ -12.64022621 -108.35229684   14.39488903];[0.0, 0.0, 0.0]
[ -16. -106.    8.];[ -15.93584017 -106.42875001    7.98120301];[ -12.35111177 -108.61611529    8.00666272];[0.0, 0.0, 0.0]
[ -16. -106.    0.];[-1.59388753e+01 -1.06420877e+02  1.04372985e-02];[ -11.82753947 -108.81873581    1.47306465];[0.0, 0.0, 0.0]
[ -16. -106.   -8.];[ -15.94451983 -106.4156239    -7.962192  ];[ -12.4185677  -108.52257643   -6.65946448];[0.0, 0.0, 0.0]
[ -16. -106.  -16.];[ -15.94883425 -106.44431316  -15.93212686];[ -12.60451957 -108.31819312  -13.65579138];[0.0, 0.0, 0.0]
[ -16. -106.  -24.];[ -15.95922042 -106.44403863  -23.90625526];[ -12.30969551 -108.63534935  -19.86248809];[0.0, 0.0, 0.0]
[  -8. -106.  -24.];[  -7.98796268 -106.42559011  -23.90955588];[  -5.70168668 -108.71671676  -20.06654467];[0.0, 0.0, 0.0]
[  -8. -106.  -16.];[  -7.97904374 -106.42263884  -15.93896356];[  -5.52240896 -108.6091718   -13.68730555];[0.0, 0.0, 0.0]
[  -8. -106.   -8.];[  -7.97444139 -106.40102241   -7.96984496];[  -4.89155291 -109.22627567   -5.98270152];[0.0, 0.0, 0.0]
[  -8. -106.    0.];[-7.97062468e+00 -1.06393722e+02  6.08572113e-04];[  -5.43949841 -108.89607444    0.26846663];[0.0, 0.0, 0.0]
[  -8. -106.    8.];[  -7.96731254 -106.40118606    7.97147832];[  -5.68318032 -108.86484979    7.07943422];[0.0, 0.0, 0.0]
[  -8. -106.   16.];[  -7.96548873 -106.41021882   15.94252941];[  -5.66894911 -108.79418731   13.80237226];[0.0, 0.0, 0.0]
[  -8. -106.   24.];[  -7.96492881 -106.42375668   23.91361691];[  -6.13700358 -108.7744841    20.22655987];[0.0, 0.0, 0.0]
[   0. -106.   32.];[ 6.81422499e-03 -1.06410114e+02  3.18827739e+01];[   1.50426647 -109.10480899   25.43362389];[0.0, 0.0, 0.0]
[   0. -106.   24.];[ 1.05294945e-02 -1.06416353e+02  2.39143632e+01];[   1.27620814 -109.04985137   20.47511468];[0.0, 0.0, 0.0]
[   0. -106.   16.];[ 7.21753471e-03 -1.06409720e+02  1.59425525e+01];[   1.51322481 -109.03938398   13.96825324];[0.0, 0.0, 0.0]
[   0. -106.    8.];[ 3.48461798e-03 -1.06388480e+02  7.97336716e+00];[   1.62592172 -108.76733899    7.21211662];[0.0, 0.0, 0.0]
[   0. -106.    0.];[-7.21263762e-05 -1.06356922e+02  2.81521552e-03];[   1.96325811 -109.03835927    0.54689154];[0.0, 0.0, 0.0]
[   0. -106.   -8.];[-3.64734767e-03 -1.06388886e+02 -7.96822124e+00];[   2.21718457 -109.20733767   -6.00828444];[0.0, 0.0, 0.0]
[   0. -106.  -16.];[-7.39364583e-03 -1.06410277e+02 -1.59378542e+01];[   2.13355303 -109.26252289  -13.16197147];[0.0, 0.0, 0.0]
[   0. -106.  -24.];[-1.07128591e-02 -1.06417009e+02 -2.39100880e+01];[   2.74443581 -109.54343976  -19.43328422];[0.0, 0.0, 0.0]
[   0. -106.  -32.];[-1.30668879e-02 -1.06408178e+02 -3.18873430e+01];[   1.98996531 -109.03865315  -25.52233857];[0.0, 0.0, 0.0]
[   8. -106.  -24.];[   7.95882775 -106.42505509  -23.9215819 ];[  10.02161501 -109.66678377  -19.63119818];[0.0, 0.0, 0.0]
[   8. -106.  -16.];[   7.96526029 -106.4101442   -15.94753126];[  10.23396716 -109.76918688  -13.21262727];[0.0, 0.0, 0.0]
[   8. -106.   -8.];[   7.9670717  -106.40120586   -7.9769994 ];[   9.40185676 -109.17954606   -6.88478398];[0.0, 0.0, 0.0]
[   8. -106.    0.];[ 7.97036089e+00 -1.06394029e+02 -6.66018316e-03];[   9.79472629 -109.48877129    0.24281612];[0.0, 0.0, 0.0]
[   8. -106.    8.];[   7.97420345 -106.40098925    7.96437172];[   9.29898995 -108.97018859    6.77141038];[0.0, 0.0, 0.0]
[   8. -106.   16.];[   7.97879063 -106.42284036   15.93396869];[   8.98043158 -109.08819745   13.6451321 ];[0.0, 0.0, 0.0]
[   8. -106.   24.];[   7.98561187 -106.42579484   23.90701959];[   9.54669897 -109.34416897   20.17596378];[0.0, 0.0, 0.0]
[  16. -106.   24.];[  15.95679438 -106.44364709   23.90865771];[  16.57598955 -109.66455861   20.23438223];[0.0, 0.0, 0.0]
[  16. -106.   16.];[  15.94870317 -106.44396553   15.93693491];[  16.99676043 -109.51732688   13.98995511];[0.0, 0.0, 0.0]
[  16. -106.    8.];[  15.94437194 -106.41543001    7.96744182];[  16.58666173 -109.13211619    6.93515886];[0.0, 0.0, 0.0]
[  16. -106.    0.];[ 1.59386618e+01 -1.06421037e+02 -4.63779286e-03];[  17.06560101 -109.57543534    0.90317115];[0.0, 0.0, 0.0]
[  16. -106.   -8.];[  15.93557961 -106.42907655   -7.97591227];[  17.18308157 -109.52987877   -6.28677099];[0.0, 0.0, 0.0]
[  16. -106.  -16.];[  15.93450101 -106.44469089  -15.94622481];[  17.03316503 -109.66679455  -13.49471599];[0.0, 0.0, 0.0]
[  16. -106.  -24.];[  15.93713528 -106.45558226  -23.91691633];[  17.85603955 -110.23337068  -19.11342934];[0.0, 0.0, 0.0]
[  24. -106.  -16.];[  23.89944635 -106.45303857  -15.96556222];[  23.71004766 -109.95526448  -13.40032448];[0.0, 0.0, 0.0]
[  24. -106.   -8.];[  23.90673224 -106.43793141   -7.98818227];[  23.8364994  -109.85229242   -6.53999337];[0.0, 0.0, 0.0]
[  24. -106.    0.];[ 2.39087242e+01 -1.06433663e+02 -1.42218312e-02];[  23.72536746 -109.59496285    0.47639565];[0.0, 0.0, 0.0]
[  24. -106.    8.];[  23.91366688 -106.43507975    7.96095136];[  23.40365929 -109.72003904    7.66071711];[0.0, 0.0, 0.0]
[  24. -106.   16.];[  23.91802865 -106.4613821    15.93373663];[  22.94186501 -109.54566511   14.48084507];[0.0, 0.0, 0.0]
[  32. -106.    0.];[  31.8017094  -106.47573576    0.12523638];[  29.10676781 -110.20490453    1.48593746];[0.0, 0.0, 0.0]
[  32. -114.  -16.];[  31.89054034 -114.31837572  -15.87796901];[  28.66127637 -117.00592169  -12.14445589];[0.0, 0.0, 0.0]
[  32. -114.   -8.];[  31.89443748 -114.34665272   -7.99330467];[  28.31838156 -116.8186544    -6.17809995];[0.0, 0.0, 0.0]
[  32. -114.    0.];[ 3.18874123e+01 -1.14373771e+02 -1.26961194e-02];[  27.94545384 -116.52868646    1.13271484];[0.0, 0.0, 0.0]
[  32. -114.    8.];[  31.88832654 -114.38212787    7.96727267];[  28.2173146  -116.75871246    7.96710739];[0.0, 0.0, 0.0]
[  32. -114.   16.];[  31.89513424 -114.37697696   15.94653174];[  28.54842556 -116.7573986    14.43569254];[0.0, 0.0, 0.0]
[  24. -114.   24.];[  23.94411784 -114.35303601   23.91896999];[  22.24934352 -116.23158634   20.1879927 ];[0.0, 0.0, 0.0]
[  24. -114.   16.];[  23.92662598 -114.3774995    15.94830593];[  22.83528419 -116.52711783   14.47020991];[0.0, 0.0, 0.0]
[  24. -114.    8.];[  23.92087094 -114.37803918    7.97217417];[  22.82304584 -116.41851312    7.59628599];[0.0, 0.0, 0.0]
[  24. -114.    0.];[ 2.39197483e+01 -1.14366809e+02 -4.71152233e-03];[  23.05030777 -116.50960156    0.56176584];[0.0, 0.0, 0.0]
[  24. -114.   -8.];[  23.92111303 -114.35495095   -7.98330084];[  23.11434144 -116.5094778    -6.92772251];[0.0, 0.0, 0.0]
[  24. -114.  -16.];[  23.92222315 -114.35365898  -15.96105843];[  23.14539436 -116.56814207  -13.26570477];[0.0, 0.0, 0.0]
[  24. -114.  -24.];[  23.92509937 -114.35207073  -23.93635385];[  22.76725322 -116.50678008  -19.8028118 ];[0.0, 0.0, 0.0]
[  16. -114.  -32.];[  15.95582474 -114.36897102  -31.89200043];[  16.29172696 -116.62275863  -25.66857   ];[0.0, 0.0, 0.0]
[  16. -114.  -24.];[  15.94667591 -114.37299885  -23.92972452];[  16.5789222  -116.10358526  -19.71882722];[0.0, 0.0, 0.0]
[  16. -114.  -16.];[  15.94547096 -114.36948264  -15.95785429];[  16.10428646 -115.94698959  -13.9992606 ];[0.0, 0.0, 0.0]
[  16. -114.   -8.];[  15.94572924 -114.36662336   -7.98356553];[  16.84208328 -116.23928242   -6.79827018];[0.0, 0.0, 0.0]
[  16. -114.    0.];[ 1.59472921e+01 -1.14366861e+02 -8.12129371e-03];[  16.65510109 -116.44771198    0.38415465];[0.0, 0.0, 0.0]
[  16. -114.    8.];[  15.94986986 -114.37285736    7.96747506];[  16.29751056 -116.04637049    7.23514356];[0.0, 0.0, 0.0]
[  16. -114.   16.];[  15.95536593 -114.36928287   15.94306874];[  16.49301703 -116.36102682   14.16303068];[0.0, 0.0, 0.0]
[  16. -114.   24.];[  15.96375192 -114.34889641   23.92107487];[  15.93595084 -116.0903501    19.39567207];[0.0, 0.0, 0.0]
[  16. -114.   32.];[  15.97162355 -114.33400828   31.89699758];[  15.7703912  -116.37051361   25.69933991];[0.0, 0.0, 0.0]
[   8. -114.   32.];[   7.99277825 -114.33340918   31.89860033];[   8.77006648 -115.99863204   25.44717802];[0.0, 0.0, 0.0]
[   8. -114.   24.];[   7.98613214 -114.34553655   23.92516347];[   9.00514873 -115.7081299    20.55072696];[0.0, 0.0, 0.0]
[   8. -114.   16.];[   7.98105602 -114.36159282   15.9487073 ];[   9.02256691 -115.7219174    14.18272026];[0.0, 0.0, 0.0]
[   8. -114.    8.];[   7.97692702 -114.36595745    7.97426831];[   9.07347915 -116.00923437    7.39465988];[0.0, 0.0, 0.0]
[   8. -114.    0.];[ 7.97398024e+00 -1.14364225e+02  1.23294884e-04];[   9.22740806 -115.78410551    0.30496959];[0.0, 0.0, 0.0]
[   8. -114.   -8.];[   7.9717384  -114.36637837   -7.97445216];[   9.50568998 -116.12099337   -6.39020897];[0.0, 0.0, 0.0]
[   8. -114.  -16.];[   7.97051614 -114.36842285  -15.94826273];[   9.74741422 -116.45248874  -12.88040417];[0.0, 0.0, 0.0]
[   8. -114.  -24.];[   7.97036322 -114.3690087   -23.92073817];[   9.68402706 -116.10525983  -18.78054445];[0.0, 0.0, 0.0]
[   8. -114.  -32.];[   7.97109768 -114.36827619  -31.89058278];[   8.63491427 -116.13023341  -25.73087926];[0.0, 0.0, 0.0]
[   0. -114.  -32.];[-7.43243149e-03 -1.14355938e+02 -3.18930918e+01];[   2.26290712 -115.93305372  -25.32440414];[0.0, 0.0, 0.0]
[   0. -114.  -24.];[-7.28369564e-03 -1.14353459e+02 -2.39248047e+01];[   2.675813   -116.25440416  -19.3357293 ];[0.0, 0.0, 0.0]
[   0. -114.  -16.];[-5.12260189e-03 -1.14357796e+02 -1.59510241e+01];[   2.0871996  -115.55801858  -14.02021128];[0.0, 0.0, 0.0]
[   0. -114.   -8.];[-2.68993107e-03 -1.14359732e+02 -7.97700625e+00];[   2.29224793 -115.95866801   -7.17304478];[0.0, 0.0, 0.0]
[   0. -114.    0.];[-1.21683992e-04 -1.14350028e+02 -2.93284623e-03];[   1.97256421 -115.84075428   -0.55678999];[0.0, 0.0, 0.0]
[   0. -114.    8.];[ 2.44279005e-03 -1.14359724e+02  7.97164310e+00];[   1.72596063 -115.66755297    6.40198172];[0.0, 0.0, 0.0]
[   0. -114.   16.];[ 4.88395585e-03 -1.14357984e+02  1.59461616e+01];[   1.54499165 -115.84682845   13.74673889];[0.0, 0.0, 0.0]
[   0. -114.   24.];[ 7.05488568e-03 -1.14353642e+02  2.39204303e+01];[   0.98952829 -115.54381279   18.76572759];[0.0, 0.0, 0.0]
[   0. -114.   32.];[ 9.07812608e-03 -1.14356065e+02  3.18908008e+01];[   1.29715253 -115.78073689   25.0146792 ];[0.0, 0.0, 0.0]
[  -8. -114.   32.];[  -7.96938502 -114.36819609   31.89251226];[  -5.64084032 -115.6038676    25.64989456];[0.0, 0.0, 0.0]
[  -8. -114.   24.];[  -7.97060201 -114.36882152   23.92477138];[  -5.76420751 -115.32002966   20.2755552 ];[0.0, 0.0, 0.0]
[  -8. -114.   16.];[  -7.97074575 -114.36828812   15.95273629];[  -5.62720312 -115.20086343   13.98213894];[0.0, 0.0, 0.0]
[  -8. -114.    8.];[  -7.97196441 -114.36618805    7.97943054];[  -5.63491669 -115.49375251    7.79016044];[0.0, 0.0, 0.0]
[  -8. -114.    0.];[-7.97418945e+00 -1.14364137e+02  5.35061648e-03];[  -4.99493298 -115.84091118    1.20696544];[0.0, 0.0, 0.0]
[  -8. -114.   -8.];[  -7.9771122  -114.36619981   -7.96928754];[  -5.21975236 -115.74484133   -6.05799898];[0.0, 0.0, 0.0]
[  -8. -114.  -16.];[  -7.98123403 -114.36192334  -15.94419621];[  -5.68939582 -115.39916005  -13.24930715];[0.0, 0.0, 0.0]
[  -8. -114.  -24.];[  -7.98630245 -114.3459072   -23.92108746];[  -5.65192245 -115.26124594  -19.31015681];[0.0, 0.0, 0.0]
[  -8. -114.  -32.];[  -7.99112329 -114.33357494  -31.89663096];[  -5.25419345 -115.68621049  -25.44995848];[0.0, 0.0, 0.0]
[ -16. -114.  -32.];[ -15.96993501 -114.33379374  -31.89924509];[ -12.36402486 -115.20103685  -26.05734024];[0.0, 0.0, 0.0]
[ -16. -114.  -24.];[ -15.96403503 -114.34849882  -23.92547537];[ -12.60185765 -114.48126553  -20.70682859];[0.0, 0.0, 0.0]
[ -16. -114.  -16.];[ -15.95565961 -114.36902524  -15.94796319];[ -12.70401178 -114.5798125   -14.51494864];[0.0, 0.0, 0.0]
[ -16. -114.   -8.];[ -15.95015258 -114.37276843   -7.97288178];[ -14.31441602 -113.50228675   -9.25265207];[0.0, 0.0, 0.0]
[ -16. -114.    0.];[-1.59475954e+01 -1.14366641e+02  2.18828854e-03];[-1.26045078e+01 -1.15433658e+02 -2.34127443e-02];[0.0, 0.0, 0.0]
[ -16. -114.    8.];[ -15.94601435 -114.36653713    7.97811545];[ -12.59550491 -115.44063226    7.29966836];[0.0, 0.0, 0.0]
[ -16. -114.   16.];[ -15.94574682 -114.36948049   15.95290147];[ -13.15086116 -115.0002616    13.49757505];[0.0, 0.0, 0.0]
[ -16. -114.   24.];[ -15.94691615 -114.37326806   23.92518644];[ -13.31613014 -115.23137069   19.8017242 ];[0.0, 0.0, 0.0]
[ -16. -114.   32.];[ -15.95052767 -114.3678202    31.89566399];[ -13.83033756 -115.09438535   24.69425074];[0.0, 0.0, 0.0]
[ -24. -114.   24.];[ -23.91914171 -114.35330848   23.94405878];[ -19.70617659 -114.98521533   19.61259234];[0.0, 0.0, 0.0]
[ -24. -114.   16.];[ -23.92253678 -114.35337256   15.96557578];[ -18.80668661 -115.44902311   13.77448016];[0.0, 0.0, 0.0]
[ -24. -114.    8.];[ -23.92140819 -114.35470397    7.98832313];[ -19.08593082 -114.8646854     6.59957594];[0.0, 0.0, 0.0]
[ -24. -114.    0.];[-2.39199952e+01 -1.14366756e+02  1.02300138e-02];[-1.88869936e+01 -1.15065236e+02 -7.54205316e-02];[0.0, 0.0, 0.0]
[ -24. -114.   -8.];[ -23.92109319 -114.37809288   -7.96712094];[ -19.17477342 -114.59599184   -7.45488264];[0.0, 0.0, 0.0]
[ -24. -114.  -16.];[ -23.92681524 -114.37769145  -15.94371195];[ -18.91490663 -114.60647259  -13.26086661];[0.0, 0.0, 0.0]
[ -24. -114.  -24.];[ -23.93863312 -114.35171892  -23.92308399];[ -19.66346102 -114.16722616  -20.35011146];[0.0, 0.0, 0.0]
[ -32. -114.  -16.];[ -31.88834119 -114.37824507  -15.95581148];[ -25.87152712 -114.36459677  -13.8065282 ];[0.0, 0.0, 0.0]
[ -32. -114.   -8.];[ -31.88869475 -114.38192081   -7.97278387];[ -25.46346327 -114.20188253   -7.22901099];[0.0, 0.0, 0.0]
[ -32. -114.    0.];[-3.18877296e+01 -1.14373758e+02  6.68616285e-03];[ -24.94862153 -114.67720605    0.50484544];[0.0, 0.0, 0.0]
[ -32. -114.    8.];[ -31.89468622 -114.34683878    7.98787718];[ -25.44781324 -114.65213796    7.78857673];[0.0, 0.0, 0.0]
[ -32. -114.   16.];[ -31.89655089 -114.3428689    15.96840277];[ -25.8269567  -114.54171679   14.4797982 ];[0.0, 0.0, 0.0]
[ -32. -122.   16.];[ -31.88814646 -122.24678324   15.96111546];[ -25.47060656 -121.71806473   13.79641373];[0.0, 0.0, 0.0]
[ -32. -122.    8.];[ -31.88148339 -122.27021824    7.98603376];[ -25.26440946 -121.29285631    6.78268254];[0.0, 0.0, 0.0]
[ -32. -122.    0.];[-3.18780448e+01 -1.22282828e+02  9.38750528e-03];[ -24.66727219 -121.95874392    0.56099963];[0.0, 0.0, 0.0]
[ -32. -122.   -8.];[ -31.8808812  -122.27899165   -7.96733008];[ -24.72097    -121.85345524   -6.05122757];[0.0, 0.0, 0.0]
[ -32. -122.  -16.];[ -31.88780731 -122.26276399  -15.94399418];[ -24.88676879 -121.75697605  -13.12853777];[0.0, 0.0, 0.0]
[ -24. -122.  -24.];[ -23.93774881 -122.24493911  -23.91749911];[ -18.97406013 -121.65848761  -20.0652098 ];[0.0, 0.0, 0.0]
[ -24. -122.  -16.];[ -23.92297463 -122.27347276  -15.94801232];[ -18.68622369 -121.76351036  -13.28019567];[0.0, 0.0, 0.0]
[ -24. -122.   -8.];[ -23.91649281 -122.29007514   -7.97245727];[ -18.1262277  -121.92874638   -6.21222181];[0.0, 0.0, 0.0]
[ -24. -122.    0.];[-2.39141887e+01 -1.22291810e+02  2.44109782e-03];[ -18.83336203 -121.28079705    0.13562305];[0.0, 0.0, 0.0]
[ -24. -122.    8.];[ -23.91677193 -122.27777406    7.97856362];[ -19.1183825  -121.13628283    7.1645943 ];[0.0, 0.0, 0.0]
[ -24. -122.   16.];[ -23.91973116 -122.26290972   15.95489635];[ -19.2794949  -121.31019603   14.27886874];[0.0, 0.0, 0.0]
[ -24. -122.   24.];[ -23.92351979 -122.24427733   23.92986358];[ -19.69109946 -120.98159174   19.61039492];[0.0, 0.0, 0.0]
[ -16. -122.   32.];[ -15.95306714 -122.25770995   31.88432708];[ -12.56098432 -121.88992481   25.89144585];[0.0, 0.0, 0.0]
[ -16. -122.   24.];[ -15.94652801 -122.27056855   23.92544708];[ -12.72614518 -121.28147799   19.47440089];[0.0, 0.0, 0.0]
[ -16. -122.   16.];[ -15.94589047 -122.27925846   15.95451869];[ -12.57460481 -121.59927442   13.97124367];[0.0, 0.0, 0.0]
[ -16. -122.    8.];[ -15.94591733 -122.28502955    7.98085938];[ -12.77166409 -121.74860173    7.24554273];[0.0, 0.0, 0.0]
[ -16. -122.    0.];[-1.59453492e+01 -1.22296138e+02  6.23032902e-03];[ -12.32996452 -122.06366992    0.81445272];[0.0, 0.0, 0.0]
[ -16. -122.   -8.];[ -15.94740918 -122.2958541    -7.96806278];[ -12.60879365 -121.64376338   -6.61111659];[0.0, 0.0, 0.0]
[ -16. -122.  -16.];[ -15.95259704 -122.27927742  -15.943467  ];[ -12.26348612 -121.49678538  -13.06837815];[0.0, 0.0, 0.0]
[ -16. -122.  -24.];[ -15.95802061 -122.25968315  -23.91846802];[ -12.34600003 -121.70986121  -19.8501683 ];[0.0, 0.0, 0.0]
[ -16. -122.  -32.];[ -15.96219718 -122.24284377  -31.88856729];[ -12.42671592 -122.032317    -26.28580807];[0.0, 0.0, 0.0]
[  -8. -122.  -32.];[  -7.98617974 -122.26093066  -31.88557115];[  -5.74578257 -121.94457291  -26.23262311];[0.0, 0.0, 0.0]
[  -8. -122.  -24.];[  -7.98183313 -122.27112216  -23.9205824 ];[  -5.15806693 -122.18409033  -19.33659399];[0.0, 0.0, 0.0]
[  -8. -122.  -16.];[  -7.97893687 -122.28159406  -15.94866564];[  -5.81837095 -121.99293595  -13.96830341];[0.0, 0.0, 0.0]
[  -8. -122.   -8.];[  -7.97564843 -122.295773     -7.97440973];[  -5.98053153 -122.34363825   -7.26313014];[0.0, 0.0, 0.0]
[  -8. -122.    0.];[-7.97344443e+00 -1.22298424e+02 -1.00181544e-03];[-6.08307359e+00 -1.22295166e+02 -5.00472872e-02];[0.0, 0.0, 0.0]
[  -8. -122.    8.];[  -7.97201962 -122.29595442    7.97281139];[  -6.27351253 -121.92135746    6.9436938 ];[0.0, 0.0, 0.0]
[  -8. -122.   16.];[  -7.97100598 -122.29261095   15.9453836 ];[  -6.19651024 -121.86730581   13.43960769];[0.0, 0.0, 0.0]
[  -8. -122.   24.];[  -7.97074481 -122.28384604   23.91587172];[  -5.66299117 -122.13327448   19.21122131];[0.0, 0.0, 0.0]
[  -8. -122.   32.];[  -7.97098686 -122.26990119   31.88257727];[  -5.86021602 -122.09276843   25.31339125];[0.0, 0.0, 0.0]
[   0. -122.   32.];[ 4.46951063e-03 -1.22270572e+02  3.18832304e+01];[   0.66230465 -121.99354192   25.13940002];[0.0, 0.0, 0.0]
[   0. -122.   24.];[ 4.96563363e-03 -1.22282109e+02  2.39186934e+01];[   1.09874133 -121.68512289   19.59575265];[0.0, 0.0, 0.0]
[   0. -122.   16.];[ 3.40112627e-03 -1.22289517e+02  1.59484731e+01];[   1.37621204 -122.44808125   14.87465383];[0.0, 0.0, 0.0]
[   0. -122.    8.];[ 1.68820753e-03 -1.22295086e+02  7.97589411e+00];[   1.26085815 -122.57909568    7.6959748 ];[0.0, 0.0, 0.0]
[   0. -122.    0.];[-1.22053162e-04 -1.22297220e+02  2.59983286e-03];[   1.09741779 -122.65749077    0.7136531 ];[0.0, 0.0, 0.0]
[   0. -122.   -8.];[-1.93381023e-03 -1.22295185e+02 -7.97115125e+00];[   1.51549218 -122.7281203    -6.05269612];[0.0, 0.0, 0.0]
[   0. -122.  -16.];[-3.64856097e-03 -1.22289629e+02 -1.59441848e+01];[   1.32890391 -122.49102898  -12.51767167];[0.0, 0.0, 0.0]
[   0. -122.  -24.];[-5.21795751e-03 -1.22282250e+02 -2.39148047e+01];[   1.46130283 -122.49331387  -19.57495648];[0.0, 0.0, 0.0]
[   0. -122.  -32.];[-6.56364285e-03 -1.22270631e+02 -3.18813126e+01];[   1.38571737 -122.59016891  -26.06433562];[0.0, 0.0, 0.0]
[   8. -122.  -32.];[   7.96881205 -122.26971204  -31.88490612];[   8.63027765 -123.34034428  -25.52996831];[0.0, 0.0, 0.0]
[   8. -122.  -24.];[   7.97047798 -122.28358451  -23.92023452];[   9.15810828 -123.04067719  -19.22772454];[0.0, 0.0, 0.0]
[   8. -122.  -16.];[   7.97072115 -122.29254343  -15.95014281];[   8.67988963 -122.33782252  -14.20095565];[0.0, 0.0, 0.0]
[   8. -122.   -8.];[   7.97173021 -122.29596384   -7.97804055];[   8.50648472 -122.36944419   -7.53832755];[0.0, 0.0, 0.0]
[   8. -122.    0.];[ 7.97314443e+00 -1.22298559e+02 -4.68897378e-03];[   8.56466265 -122.64525592   -0.37548518];[0.0, 0.0, 0.0]
[   8. -122.    8.];[   7.97535651 -122.29588852    7.96919553];[   9.10716954 -122.89969424    6.92834231];[0.0, 0.0, 0.0]
[   8. -122.   16.];[   7.97864938 -122.28184565   15.94392957];[   8.42405265 -122.16581588   12.94319061];[0.0, 0.0, 0.0]
[   8. -122.   24.];[   7.98155857 -122.27131873   23.91631532];[   7.93566827 -121.81290069   18.91264903];[0.0, 0.0, 0.0]
[   8. -122.   32.];[   7.9841048  -122.26113625   31.88330637];[   8.35664474 -122.74479948   25.68196923];[0.0, 0.0, 0.0]
[  16. -122.   32.];[  15.96005125 -122.24282983   31.89050843];[  15.05799704 -122.91703324   25.638742  ];[0.0, 0.0, 0.0]
[  16. -122.   24.];[  15.95780728 -122.25956321   23.92239558];[  14.94784991 -122.45434577   19.39461999];[0.0, 0.0, 0.0]
[  16. -122.   16.];[  15.95239045 -122.27907442   15.94781581];[  14.96762329 -122.1939115    13.62570735];[0.0, 0.0, 0.0]
[  16. -122.    8.];[  15.94718056 -122.29570578    7.9728373 ];[  15.68377155 -122.7845346     7.88589824];[0.0, 0.0, 0.0]
[  16. -122.    0.];[ 1.59450818e+01 -1.22296173e+02 -1.02097139e-03];[  16.24446105 -123.31213461    1.12200648];[0.0, 0.0, 0.0]
[  16. -122.   -8.];[  15.94562573 -122.28518539   -7.97609969];[  15.91858215 -122.91831424   -6.34325049];[0.0, 0.0, 0.0]
[  16. -122.  -16.];[  15.94558524 -122.27943597  -15.95021887];[  15.78569159 -122.71698837  -13.33048347];[0.0, 0.0, 0.0]
[  16. -122.  -24.];[  15.94620651 -122.27077111  -23.92155734];[  16.21204579 -123.34900324  -19.05226218];[0.0, 0.0, 0.0]
[  16. -122.  -32.];[  15.94738104 -122.25699313  -31.88828603];[  15.81915524 -123.42386529  -25.79697776];[0.0, 0.0, 0.0]
[  24. -122.  -24.];[  23.91725551 -122.24512576  -23.93768994];[  22.72144368 -123.5606876   -20.01277778];[0.0, 0.0, 0.0]
[  24. -122.  -16.];[  23.91945136 -122.26277946  -15.95970939];[  22.51261948 -123.29161678  -13.61568577];[0.0, 0.0, 0.0]
[  24. -122.   -8.];[  23.91650559 -122.27761706   -7.9838456 ];[  22.0880669  -122.70879709   -6.48347222];[0.0, 0.0, 0.0]
[  24. -122.    0.];[ 2.39138653e+01 -1.22291838e+02 -8.15155438e-03];[  22.7698671  -123.20115726    1.27090616];[0.0, 0.0, 0.0]
[  24. -122.    8.];[  23.91613467 -122.29026497    7.9672187 ];[  22.17630945 -122.85175641    7.49223927];[0.0, 0.0, 0.0]
[  24. -122.   16.];[  23.92260713 -122.27377239   15.9432604 ];[  22.27309657 -123.1934008    13.86898281];[0.0, 0.0, 0.0]
[  24. -122.   24.];[  23.93203356 -122.24421069   23.92112486];[  21.98853802 -122.95936369   19.76708853];[0.0, 0.0, 0.0]
[  32. -122.   16.];[  31.88077335 -122.2635854    15.9525429 ];[  27.78676174 -123.51458107   13.59353508];[0.0, 0.0, 0.0]
[  32. -122.    8.];[  31.88060896 -122.27895739    7.97216272];[  28.15669844 -123.41326473    7.63199639];[0.0, 0.0, 0.0]
[  32. -122.    0.];[ 3.18777309e+01 -1.22282876e+02 -4.14244377e-03];[  28.07118608 -123.50266579    0.77880551];[0.0, 0.0, 0.0]
[  32. -122.   -8.];[  31.88112554 -122.27036296   -7.98122701];[  28.46456396 -123.67921957   -6.0646409 ];[0.0, 0.0, 0.0]
[  32. -122.  -16.];[  31.88767626 -122.24872281  -15.9589159 ];[  28.25918292 -123.9119123   -12.56783926];[0.0, 0.0, 0.0]
[  40. -130.    0.];[  39.67819859 -130.05057092   -0.20263061];[  33.02946129 -130.80436617   -0.92152356];[0.0, 0.0, 0.0]
[  32. -130.  -24.];[  32.24829573 -130.23042459  -22.17342188];[  27.81966869 -130.50722181  -16.05875886];[0.0, 0.0, 0.0]
[  32. -130.  -16.];[  31.85869996 -130.1322863   -15.94445719];[  26.98973368 -130.38233266  -13.59855707];[0.0, 0.0, 0.0]
[  32. -130.   -8.];[  31.85608368 -130.14788539   -7.97677491];[  26.791883   -130.13970297   -6.82527442];[0.0, 0.0, 0.0]
[  32. -130.    0.];[ 3.18553683e+01 -1.30153709e+02 -7.17958590e-03];[  27.1552865  -130.17553935    0.17584436];[0.0, 0.0, 0.0]
[  32. -130.    8.];[  31.85968357 -130.14635318    7.96338746];[  27.16000051 -129.96607345    6.4162413 ];[0.0, 0.0, 0.0]
[  32. -130.   16.];[  31.86837737 -130.12678962   15.93543686];[  27.9842227  -130.58647025   13.03526194];[0.0, 0.0, 0.0]
[  32. -130.   24.];[  31.87395466 -130.10226626   23.90504834];[  27.55941187 -130.08758734   19.138209  ];[0.0, 0.0, 0.0]
[  24. -130.   32.];[  23.91548216 -130.10706707   31.85745282];[  21.18988877 -130.12170792   25.93220397];[0.0, 0.0, 0.0]
[  24. -130.   24.];[  23.91128017 -130.13164239   23.90735608];[  21.12562437 -129.71448177   19.69675733];[0.0, 0.0, 0.0]
[  24. -130.   16.];[  23.90908915 -130.15042585   15.94045943];[  20.85283995 -129.00559874   13.21558792];[0.0, 0.0, 0.0]
[  24. -130.    8.];[  23.90230567 -130.16944977    7.96886163];[  21.28827681 -129.40463755    7.22362782];[0.0, 0.0, 0.0]
[  24. -130.    0.];[ 2.38990123e+01 -1.30176250e+02 -1.06115142e-03];[  21.34563674 -129.42163581    1.0310877 ];[0.0, 0.0, 0.0]
[  24. -130.   -8.];[  23.89980017 -130.16989191   -7.97108707];[  21.15732789 -129.25499989   -6.26626911];[0.0, 0.0, 0.0]
[  24. -130.  -16.];[  23.90220446 -130.15473767  -15.94096372];[  20.82683248 -129.46868683  -13.46996716];[0.0, 0.0, 0.0]
[  24. -130.  -24.];[  23.90533364 -130.13179594  -23.90930792];[  21.32360226 -130.21319801  -19.22073023];[0.0, 0.0, 0.0]
[  24. -130.  -32.];[  23.90803071 -130.10123835  -31.87343641];[  21.13040525 -130.51850938  -25.91762463];[0.0, 0.0, 0.0]
[  16. -130.  -32.];[  15.94072771 -130.12405866  -31.87149699];[  14.59477645 -130.17244657  -25.91502266];[0.0, 0.0, 0.0]
[  16. -130.  -24.];[  15.9389462  -130.14889078  -23.91211239];[  15.18089619 -129.63017691  -19.36996091];[0.0, 0.0, 0.0]
[  16. -130.  -16.];[  15.93790252 -130.16802228  -15.94468058];[  14.98899133 -129.26913872  -13.3057746 ];[0.0, 0.0, 0.0]
[  16. -130.   -8.];[  15.93627573 -130.18316385   -7.97473479];[  15.1141671  -129.28768857   -6.7737269 ];[0.0, 0.0, 0.0]
[  16. -130.    0.];[ 1.59358402e+01 -1.30190285e+02 -5.17182055e-03];[ 1.45374094e+01 -1.28931483e+02  1.53646527e-02];[0.0, 0.0, 0.0]
[  16. -130.    8.];[  15.93855809 -130.18338484    7.96493373];[  14.88479225 -128.84517119    6.56787395];[0.0, 0.0, 0.0]
[  16. -130.   16.];[  15.94230883 -130.16811834   15.93564667];[  14.83974178 -128.91824881   12.94727093];[0.0, 0.0, 0.0]
[  16. -130.   24.];[  15.94359473 -130.15312639   23.90119541];[  14.53497318 -129.01217851   19.2878607 ];[0.0, 0.0, 0.0]
[  16. -130.   32.];[  15.94423968 -130.12978113   31.85953934];[  14.91314214 -129.61237665   25.85192163];[0.0, 0.0, 0.0]
[   8. -130.   32.];[   7.97668998 -130.14343997   31.86067587];[   7.87423002 -128.76230038   24.99232767];[0.0, 0.0, 0.0]
[   8. -130.   24.];[   7.97384254 -130.16628391   23.90383563];[   8.48536731 -128.90191651   19.56327286];[0.0, 0.0, 0.0]
[   8. -130.   16.];[   7.97242443 -130.18123152   15.9390652 ];[   8.42860444 -127.99627736   12.84308336];[0.0, 0.0, 0.0]
[   8. -130.    8.];[   7.97079787 -130.19078451    7.97072429];[   8.45070388 -129.44044925    7.84186808];[0.0, 0.0, 0.0]
[   8. -130.    0.];[ 7.96879009e+00 -1.30197810e+02  1.21725364e-03];[   8.79824903 -129.69742335    0.53999102];[0.0, 0.0, 0.0]
[   8. -130.   -8.];[   7.96836969 -130.19090683   -7.96859519];[   8.802649   -129.09138096   -6.14716969];[0.0, 0.0, 0.0]
[   8. -130.  -16.];[   7.96770385 -130.18153326  -15.93717704];[   8.14286551 -128.94638239  -13.19188338];[0.0, 0.0, 0.0]
[   8. -130.  -24.];[   7.96716811 -130.16615719  -23.90236556];[   8.50743175 -129.51199365  -19.67762016];[0.0, 0.0, 0.0]
[   8. -130.  -32.];[   7.96687279 -130.14194446  -31.8622258 ];[   8.17877579 -129.58311163  -26.19491196];[0.0, 0.0, 0.0]
[   0. -130.  -40.];[ 7.25589591e-04 -1.30113748e+02 -3.98035631e+01];[   1.64760273 -130.00074909  -31.96388667];[0.0, 0.0, 0.0]
[   0. -130.  -32.];[-4.40285795e-03 -1.30147504e+02 -3.18630983e+01];[   1.54696852 -129.1442519   -25.87623424];[0.0, 0.0, 0.0]
[   0. -130.  -24.];[-3.56568133e-03 -1.30170841e+02 -2.39042112e+01];[   1.81151072 -129.0313236   -19.65735505];[0.0, 0.0, 0.0]
[   0. -130.  -16.];[-2.54198030e-03 -1.30186328e+02 -1.59395181e+01];[   1.6199805  -128.73929144  -13.01615029];[0.0, 0.0, 0.0]
[   0. -130.   -8.];[-1.39000425e-03 -1.30195731e+02 -7.97170523e+00];[   1.16643692 -128.95983236   -7.04116411];[0.0, 0.0, 0.0]
[   0. -130.    0.];[-1.63944896e-04 -1.30199945e+02 -2.72234779e-03];[ 8.79339197e-01 -1.29179497e+02  2.16156932e-02];[0.0, 0.0, 0.0]
[   0. -130.    8.];[ 1.06547539e-03 -1.30195826e+02  7.96667307e+00];[   0.97657524 -129.00593309    6.35992384];[0.0, 0.0, 0.0]
[   0. -130.   16.];[ 2.22027087e-03 -1.30186496e+02  1.59349006e+01];[ 1.69754729e-02 -1.28124202e+02  1.23768512e+01];[0.0, 0.0, 0.0]
[   0. -130.   24.];[ 3.24598937e-03 -1.30171077e+02  2.38999602e+01];[   1.18175717 -128.87236412   19.72605767];[0.0, 0.0, 0.0]
[   0. -130.   32.];[ 4.08523924e-03 -1.30147804e+02  3.18591560e+01];[   0.63444838 -128.90938706   25.2782316 ];[0.0, 0.0, 0.0]
[   0. -130.   40.];[ 4.67299707e-03 -1.30113345e+02  3.98077123e+01];[   0.85550204 -129.85608901   32.05436949];[0.0, 0.0, 0.0]
[  -8. -130.   32.];[  -7.96256845 -130.1421698    31.86831241];[  -6.30150002 -128.39376431   25.38141362];[0.0, 0.0, 0.0]
[  -8. -130.   24.];[  -7.96750533 -130.16605383   23.90616424];[  -6.16461381 -128.02519191   19.47772675];[0.0, 0.0, 0.0]
[  -8. -130.   16.];[  -7.96803098 -130.18143711   15.94131644];[  -5.67018417 -128.41030448   13.37783575];[0.0, 0.0, 0.0]
[  -8. -130.    8.];[  -7.96868799 -130.19082197    7.97313304];[  -6.10002272 -128.35989315    7.1087358 ];[0.0, 0.0, 0.0]
[  -8. -130.    0.];[-7.96909714e+00 -1.30197796e+02  3.71625468e-03];[  -5.2506074  -128.8377243     0.40388788];[0.0, 0.0, 0.0]
[  -8. -130.   -8.];[  -7.97108395 -130.19084159   -7.96618325];[  -4.93194385 -128.8499647    -5.31558947];[0.0, 0.0, 0.0]
[  -8. -130.  -16.];[  -7.97270613 -130.18130077  -15.93491538];[  -5.61198545 -128.37662894  -13.1190495 ];[0.0, 0.0, 0.0]
[  -8. -130.  -24.];[  -7.97412348 -130.16636468  -23.90002463];[  -5.48838463 -128.81111287  -19.20944438];[0.0, 0.0, 0.0]
[  -8. -130.  -32.];[  -7.97520849 -130.14346667  -31.85872091];[  -5.8802141  -128.81352373  -26.1144522 ];[0.0, 0.0, 0.0]
[ -16. -130.  -32.];[ -15.94262954 -130.1296442   -31.86181007];[ -12.12677504 -128.62815306  -26.17027487];[0.0, 0.0, 0.0]
[ -16. -130.  -24.];[ -15.94393944 -130.15292436  -23.90539675];[ -11.53695154 -128.69861516  -19.63236726];[0.0, 0.0, 0.0]
[ -16. -130.  -16.];[ -15.94264692 -130.16797388  -15.94023068];[ -11.30426665 -128.65775688  -12.57345148];[0.0, 0.0, 0.0]
[ -16. -130.   -8.];[ -15.93892629 -130.18323113   -7.96996613];[ -11.39322586 -128.01260372   -6.21537562];[0.0, 0.0, 0.0]
[ -16. -130.    0.];[-1.59361936e+01 -1.30190246e+02 -2.75749423e-04];[ -11.6320893  -128.13017724   -0.43393405];[0.0, 0.0, 0.0]
[ -16. -130.    8.];[ -15.93658763 -130.18327207    7.96967279];[ -11.92545287 -127.58629043    6.12226461];[0.0, 0.0, 0.0]
[ -16. -130.   16.];[ -15.93819016 -130.16821176   15.940017  ];[ -12.03239766 -127.69997216   11.76170439];[0.0, 0.0, 0.0]
[ -16. -130.   24.];[ -15.9392478  -130.14907427   23.90784678];[ -11.73327413 -128.16734391   18.5002557 ];[0.0, 0.0, 0.0]
[ -16. -130.   32.];[ -15.939301   -130.12429342   31.86910512];[ -12.33694745 -128.74092126   25.2308152 ];[0.0, 0.0, 0.0]
[ -24. -130.   32.];[ -23.90637486 -130.10129623   31.87530223];[ -17.83417717 -128.83372869   25.377725  ];[0.0, 0.0, 0.0]
[ -24. -130.   24.];[ -23.90574096 -130.13170184   23.91313685];[ -18.05647592 -128.086575     18.68838191];[0.0, 0.0, 0.0]
[ -24. -130.   16.];[ -23.90260171 -130.15464152   15.94513275];[ -17.80793517 -127.57471407   12.16954631];[0.0, 0.0, 0.0]
[ -24. -130.    8.];[ -23.90017798 -130.16981303    7.97564674];[ -17.76920682 -128.06771666    5.76894388];[0.0, 0.0, 0.0]
[ -24. -130.    0.];[-2.38993455e+01 -1.30176234e+02  6.01054016e-03];[-1.79375902e+01 -1.28013060e+02 -1.05209701e-01];[0.0, 0.0, 0.0]
[ -24. -130.   -8.];[ -23.90256962 -130.16952763   -7.96427276];[ -17.32952244 -128.29629581   -6.04386402];[0.0, 0.0, 0.0]
[ -24. -130.  -16.];[ -23.90931926 -130.15052332  -15.93622002];[ -17.71798437 -128.35197687  -12.94850653];[0.0, 0.0, 0.0]
[ -24. -130.  -24.];[ -23.91151812 -130.13171841  -23.90346113];[ -17.30785681 -128.63460406  -19.16797438];[0.0, 0.0, 0.0]
[ -24. -130.  -32.];[ -23.91066985 -130.10672625  -31.86121406];[ -18.30147716 -128.27549696  -26.31921354];[0.0, 0.0, 0.0]
[ -32. -130.  -24.];[ -31.86819261 -130.10253908  -23.91272949];[ -23.31969308 -129.0092599   -19.37529103];[0.0, 0.0, 0.0]
[ -32. -130.  -16.];[ -31.86884575 -130.12655951  -15.9400924 ];[ -23.6335529  -128.43113373  -13.03938191];[0.0, 0.0, 0.0]
[ -32. -130.   -8.];[ -31.86015469 -130.14617621   -7.96844492];[ -23.69925504 -127.89630475   -6.65385809];[0.0, 0.0, 0.0]
[ -32. -130.    0.];[-3.18558002e+01 -1.30153635e+02  1.71913906e-03];[ -23.37856947 -128.10277321   -0.1703818 ];[0.0, 0.0, 0.0]
[ -32. -130.    8.];[ -31.85644364 -130.14794335    7.97166851];[ -23.94565741 -127.78962281    6.11195905];[0.0, 0.0, 0.0]
[ -32. -130.   16.];[ -31.85890293 -130.13245078   15.9407677 ];[ -24.12970522 -127.78386374   12.83303359];[0.0, 0.0, 0.0]
[ -32. -130.   24.];[ -31.86192766 -130.10792833   23.9072562 ];[ -24.72297997 -127.5466339    18.19622234];[0.0, 0.0, 0.0]
[ -40. -130.    0.];[ -38.96538605 -130.25962103    1.88610234];[ -27.91665719 -128.74637721    3.60653514];[0.0, 0.0, 0.0]
[ -32. -138.   16.];[ -31.84502708 -137.92535531   15.83802336];[ -24.20188942 -134.70055078   12.12448176];[0.0, 0.0, 0.0]
[ -32. -138.    8.];[ -31.81711138 -137.98231675    7.96462264];[ -23.65304834 -135.11999447    6.33297914];[0.0, 0.0, 0.0]
[ -32. -138.    0.];[-3.18196212e+01 -1.37987936e+02  5.00681020e-03];[-2.30434109e+01 -1.35109411e+02 -7.85966099e-02];[0.0, 0.0, 0.0]
[ -32. -138.   -8.];[ -31.82129753 -137.98256903   -7.95583093];[ -23.39651812 -135.32781729   -6.77635467];[0.0, 0.0, 0.0]
[ -32. -138.  -16.];[ -31.82202574 -137.96608383  -15.91485633];[ -23.65342602 -135.26098264  -13.73786696];[0.0, 0.0, 0.0]
[ -24. -138.  -24.];[ -23.88121657 -137.97755642  -23.86681942];[ -17.94340545 -135.04596578  -19.82083147];[0.0, 0.0, 0.0]
[ -24. -138.  -16.];[ -23.87848924 -138.00391494  -15.9217957 ];[ -17.29785225 -135.04455676  -13.41090977];[0.0, 0.0, 0.0]
[ -24. -138.   -8.];[ -23.87822461 -138.0186967    -7.96223924];[ -17.88291289 -134.30584864   -7.47530889];[0.0, 0.0, 0.0]
[ -24. -138.    0.];[-2.38759080e+01 -1.38023869e+02 -5.16465734e-04];[-1.74536082e+01 -1.34417080e+02 -1.14818459e-01];[0.0, 0.0, 0.0]
[ -24. -138.    8.];[ -23.87462571 -138.01913249    7.96071645];[ -17.7328897  -134.33155459    5.99191822];[0.0, 0.0, 0.0]
[ -24. -138.   16.];[ -23.87390127 -138.00413602   15.91969189];[ -18.14226401 -134.05901252   12.11931192];[0.0, 0.0, 0.0]
[ -24. -138.   24.];[ -23.87272521 -137.97776801   23.87353933];[ -17.88242863 -134.8056799    19.50239317];[0.0, 0.0, 0.0]
[ -16. -138.   32.];[ -15.92415781 -137.96672598   31.81876774];[ -11.48990688 -134.94798006   24.33580487];[0.0, 0.0, 0.0]
[ -16. -138.   24.];[ -15.9206244  -138.00395483   23.8810749 ];[ -11.29938348 -134.47091876   18.7612109 ];[0.0, 0.0, 0.0]
[ -16. -138.   16.];[ -15.92087422 -138.02809701   15.92526522];[ -12.30475233 -133.47079722   11.51783136];[0.0, 0.0, 0.0]
[ -16. -138.    8.];[ -15.92104936 -138.04202225    7.96537791];[ -11.40572673 -133.91258095    6.00772766];[0.0, 0.0, 0.0]
[ -16. -138.    0.];[-1.59217460e+01 -1.38046479e+02  3.85701125e-03];[ -11.12072759 -134.35874577   -0.72584517];[0.0, 0.0, 0.0]
[ -16. -138.   -8.];[ -15.92314243 -138.04164396   -7.95842328];[ -11.44949453 -134.46091768   -6.56134856];[0.0, 0.0, 0.0]
[ -16. -138.  -16.];[ -15.92353438 -138.0280903   -15.9184705 ];[ -11.3998656  -134.95787469  -13.09588566];[0.0, 0.0, 0.0]
[ -16. -138.  -24.];[ -15.92300435 -138.00402914  -23.87274668];[ -12.24358789 -134.85271873  -19.70181819];[0.0, 0.0, 0.0]
[ -16. -138.  -32.];[ -15.92088896 -137.96575847  -31.81554984];[ -12.33803811 -135.2070796   -25.93389293];[0.0, 0.0, 0.0]
[  -8. -138.  -32.];[  -7.96548769 -137.98269858  -31.82186437];[  -5.36556425 -135.39573713  -25.91472655];[0.0, 0.0, 0.0]
[  -8. -138.  -24.];[  -7.96412682 -138.01867067  -23.87865242];[  -4.77763478 -135.31436284  -19.30582554];[0.0, 0.0, 0.0]
[  -8. -138.  -16.];[  -7.96379851 -138.04157235  -15.9237154 ];[  -5.0346474  -134.77962987  -13.19505629];[0.0, 0.0, 0.0]
[  -8. -138.   -8.];[  -7.96306047 -138.05463196   -7.96372892];[  -4.21703939 -134.59275558   -6.41460595];[0.0, 0.0, 0.0]
[  -8. -138.    0.];[-7.96210905e+00 -1.38059172e+02 -1.85050240e-03];[  -4.95666797 -134.05700747   -0.37033479];[0.0, 0.0, 0.0]
[  -8. -138.    8.];[  -7.96155817 -138.0547143     7.96033534];[  -4.77702487 -133.88200495    5.46176881];[0.0, 0.0, 0.0]
[  -8. -138.   16.];[  -7.96126154 -138.04134038   15.92125983];[  -4.90027504 -134.34956671   11.94532595];[0.0, 0.0, 0.0]
[  -8. -138.   24.];[  -7.96078839 -138.01849297   23.87789394];[  -5.27154393 -134.55084154   18.36455476];[0.0, 0.0, 0.0]
[  -8. -138.   32.];[  -7.95948173 -137.98313786   31.82355547];[  -5.63101439 -135.02288923   24.28893602];[0.0, 0.0, 0.0]
[   0. -138.   32.];[ 4.43341261e-04 -1.37988402e+02  3.18256918e+01];[   1.15480046 -135.30477859   24.36311514];[0.0, 0.0, 0.0]
[   0. -138.   24.];[ 1.85491437e-03 -1.38023245e+02  2.38807472e+01];[   1.09590068 -135.1672182    18.7962132 ];[0.0, 0.0, 0.0]
[   0. -138.   16.];[ 1.26468966e-03 -1.38045637e+02  1.59248959e+01];[   1.397409   -134.34321152   12.24572484];[0.0, 0.0, 0.0]
[   0. -138.    8.];[ 5.72133289e-04 -1.38058625e+02  7.96438024e+00];[   2.00069194 -134.28859171    5.83809914];[0.0, 0.0, 0.0]
[   0. -138.    0.];[-1.81114227e-04 -1.38063088e+02  2.36207593e-03];[   1.78498611 -134.43910431   -0.269581  ];[0.0, 0.0, 0.0]
[   0. -138.   -8.];[-9.33747382e-04 -1.38058636e+02 -7.95999984e+00];[   1.90901756 -134.72958041   -6.28902009];[0.0, 0.0, 0.0]
[   0. -138.  -16.];[-1.62715641e-03 -1.38045641e+02 -1.59208463e+01];[   2.47199007 -135.57807025  -12.67234056];[0.0, 0.0, 0.0]
[   0. -138.  -24.];[-2.22298167e-03 -1.38023238e+02 -2.38769649e+01];[   1.79124156 -135.27953746  -19.3804943 ];[0.0, 0.0, 0.0]
[   0. -138.  -32.];[-2.66925694e-03 -1.37988334e+02 -3.18236522e+01];[   2.57058515 -136.55988308  -24.92071982];[0.0, 0.0, 0.0]
[   8. -138.  -32.];[   7.95717386 -137.98296668  -31.82601095];[   8.22701039 -136.13880609  -25.59055624];[0.0, 0.0, 0.0]
[   8. -138.  -24.];[   7.9604316  -138.01831634  -23.88215792];[   8.03887291 -135.22097831  -19.94980387];[0.0, 0.0, 0.0]
[   8. -138.  -16.];[   7.9608987  -138.04121218  -15.9258124 ];[   8.19044585 -134.92465993  -13.45505033];[0.0, 0.0, 0.0]
[   8. -138.   -8.];[   7.96118194 -138.0546487    -7.96522301];[   8.5983378 -135.2879489   -5.8286201];[0.0, 0.0, 0.0]
[   8. -138.    0.];[ 7.96172368e+00 -1.38059173e+02 -3.38432327e-03];[ 8.12812519e+00 -1.34489578e+02 -1.26005761e-01];[0.0, 0.0, 0.0]
[   8. -138.    8.];[   7.96266692 -138.05470441    7.95885108];[   7.39524922 -134.01625489    5.43920333];[0.0, 0.0, 0.0]
[   8. -138.   16.];[   7.96339947 -138.04170153   15.91918444];[   7.74039115 -134.9630018    12.40653993];[0.0, 0.0, 0.0]
[   8. -138.   24.];[   7.96371964 -138.01884649   23.87440818];[   7.79670179 -134.92532225   18.50405267];[0.0, 0.0, 0.0]
[   8. -138.   32.];[   7.9632936  -137.98288375   31.81938865];[   8.04556687 -136.17432128   25.13837024];[0.0, 0.0, 0.0]
[  16. -138.   32.];[  15.91850238 -137.96584486   31.81763852];[  14.42062337 -136.52700898   25.06338824];[0.0, 0.0, 0.0]
[  16. -138.   24.];[  15.92268246 -138.00403688   23.8766044 ];[  14.20802941 -135.5175254    19.27659772];[0.0, 0.0, 0.0]
[  16. -138.   16.];[  15.92320513 -138.02808795   15.92257563];[  14.49999294 -134.94441646   12.94933671];[0.0, 0.0, 0.0]
[  16. -138.    8.];[  15.92279948 -138.04163834    7.96284005];[  14.39098471 -135.20496557    6.27032767];[0.0, 0.0, 0.0]
[  16. -138.    0.];[ 1.59213698e+01 -1.38046483e+02  8.85758475e-04];[  14.21821164 -134.67027726   -0.41102388];[0.0, 0.0, 0.0]
[  16. -138.   -8.];[  15.92063457 -138.04203592   -7.96098122];[  15.44738281 -135.98580485   -6.12581615];[0.0, 0.0, 0.0]
[  16. -138.  -16.];[  15.92043376 -138.02810369  -15.92118777];[  14.69065741 -135.53270341  -12.74635348];[0.0, 0.0, 0.0]
[  16. -138.  -24.];[  15.92015981 -138.00393995  -23.87725296];[  14.73476438 -135.96279463  -19.47830442];[0.0, 0.0, 0.0]
[  16. -138.  -32.];[  15.91836794 -137.96666116  -31.82294367];[  14.81298457 -136.81904797  -25.32487713];[0.0, 0.0, 0.0]
[  24. -138.  -24.];[  23.86652278 -137.97755744  -23.88116517];[  20.72909714 -136.36906342  -19.6994454 ];[0.0, 0.0, 0.0]
[  24. -138.  -16.];[  23.8735186  -138.00401279  -15.92431308];[  20.785063   -136.32353981  -13.26817547];[0.0, 0.0, 0.0]
[  24. -138.   -8.];[  23.87421572 -138.01907093   -7.96564869];[  20.53649395 -135.97618573   -6.85959411];[0.0, 0.0, 0.0]
[  24. -138.    0.];[ 2.38754440e+01 -1.38023879e+02 -4.74414773e-03];[ 2.05517036e+01 -1.36205177e+02 -2.20629713e-02];[0.0, 0.0, 0.0]
[  24. -138.    8.];[  23.87779302 -138.01875852    7.95733704];[  20.55685519 -136.06393241    6.35814241];[0.0, 0.0, 0.0]
[  24. -138.   16.];[  23.87803808 -138.00402638   15.91724567];[  20.95480705 -136.47733335   13.01569756];[0.0, 0.0, 0.0]
[  24. -138.   24.];[  23.87567028 -137.97774449   23.87020934];[  21.17555102 -136.67277122   19.62968898];[0.0, 0.0, 0.0]
[  32. -138.   16.];[  31.81473351 -137.96609985   15.92315186];[  26.36822221 -136.56140543   12.70572925];[0.0, 0.0, 0.0]
[  32. -138.    8.];[  31.8209848  -137.98257157    7.96038514];[  26.29970905 -136.41196602    6.0553642 ];[0.0, 0.0, 0.0]
[  32. -138.    0.];[ 3.18191958e+01 -1.37987935e+02 -1.75446927e-04];[  26.85024334 -136.87873071    0.16281275];[0.0, 0.0, 0.0]
[  32. -138.   -8.];[  31.8165905  -137.9823195    -7.96020967];[  26.27407745 -136.80892592   -6.595141  ];[0.0, 0.0, 0.0]
[  32. -138.  -16.];[  31.81414684 -137.96517052  -15.91711057];[  26.43509236 -137.07440445  -13.04156356];[0.0, 0.0, 0.0]
[  32. -146.  -16.];[  31.74166772 -145.73097607  -15.88516298];[  26.24319603 -143.37398218  -14.549484  ];[0.0, 0.0, 0.0]
[  32. -146.   -8.];[  31.74789555 -145.75961972   -7.94819234];[  26.24707869 -143.03223939   -8.2763602 ];[0.0, 0.0, 0.0]
[  32. -146.    0.];[ 3.17473480e+01 -1.45765603e+02 -3.74150219e-03];[  26.46130084 -143.45323774   -0.62058214];[0.0, 0.0, 0.0]
[  32. -146.    8.];[  31.74602325 -145.75772562    7.94070576];[  25.7737746  -143.15071888    5.91827298];[0.0, 0.0, 0.0]
[  32. -146.   16.];[  31.73878487 -145.73030645   15.8795426 ];[  27.02013362 -144.13065555   13.33365705];[0.0, 0.0, 0.0]
[  24. -146.   24.];[  23.82823527 -145.75574856   23.81620656];[  21.03713855 -143.50795037   19.61481481];[0.0, 0.0, 0.0]
[  24. -146.   16.];[  23.8304318  -145.79917951   15.8927342 ];[  20.9913393  -142.67456271   13.40266451];[0.0, 0.0, 0.0]
[  24. -146.    8.];[  23.83341469 -145.82132287    7.9492471 ];[  20.67235846 -142.07733707    5.69639429];[0.0, 0.0, 0.0]
[  24. -146.    0.];[ 2.38337244e+01 -1.45827921e+02  1.41746721e-03];[  20.83576874 -142.15743162   -0.7224914 ];[0.0, 0.0, 0.0]
[  24. -146.   -8.];[  23.83431585 -145.82275354   -7.94698934];[  20.88965999 -142.21152919   -7.63595726];[0.0, 0.0, 0.0]
[  24. -146.  -16.];[  23.83068068 -145.80039211  -15.89062277];[  20.6252896  -142.28855053  -13.95218013];[0.0, 0.0, 0.0]
[  24. -146.  -24.];[  23.82218889 -145.75642669  -23.82104659];[  20.08872185 -142.67534302  -20.31829981];[0.0, 0.0, 0.0]
[  16. -146.  -32.];[  15.8893269  -145.73297683  -31.73571547];[  14.23399013 -143.52353546  -25.34761181];[0.0, 0.0, 0.0]
[  16. -146.  -24.];[  15.89135161 -145.80056943  -23.83389639];[  14.00864926 -142.43562321  -19.72335302];[0.0, 0.0, 0.0]
[  16. -146.  -16.];[  15.89558981 -145.83882635  -15.89909846];[  14.18110682 -141.36556072  -14.27591386];[0.0, 0.0, 0.0]
[  16. -146.   -8.];[  15.89784393 -145.85919171   -7.95340434];[  14.66368117 -141.14537299   -7.78938024];[0.0, 0.0, 0.0]
[  16. -146.    0.];[ 1.58975322e+01 -1.45864061e+02 -3.30185879e-03];[  14.58559653 -141.0286227    -0.9165004 ];[0.0, 0.0, 0.0]
[  16. -146.    8.];[  15.89775556 -145.85830153    7.94683642];[  14.9438339  -141.25563412    6.10899508];[0.0, 0.0, 0.0]
[  16. -146.   16.];[  15.89667222 -145.83888104   15.89332079];[  15.20011996 -141.80101429   12.88664453];[0.0, 0.0, 0.0]
[  16. -146.   24.];[  15.89340652 -145.8018927    23.82970784];[  14.55336726 -141.73793402   18.38601994];[0.0, 0.0, 0.0]
[  16. -146.   32.];[  15.88610614 -145.73684825   31.74262124];[  14.9015934  -143.41885451   25.23164671];[0.0, 0.0, 0.0]
[   8. -146.   32.];[   7.94850712 -145.76455465   31.75334332];[   7.4479188  -142.26473793   24.25617966];[0.0, 0.0, 0.0]
[   8. -146.   24.];[   7.94985993 -145.82547255   23.83882567];[   8.15922196 -142.45895714   19.45892003];[0.0, 0.0, 0.0]
[   8. -146.   16.];[   7.95121225 -145.86033734   15.90076913];[   7.67814008 -140.87605467   12.93151687];[0.0, 0.0, 0.0]
[   8. -146.    8.];[   7.95164169 -145.8790208     7.95325022];[   7.66856927 -140.19944405    5.90732485];[0.0, 0.0, 0.0]
[   8. -146.    0.];[ 7.95117627e+00 -1.45884170e+02  1.95666593e-03];[ 8.15768127e+00 -1.40945411e+02 -8.80038732e-02];[0.0, 0.0, 0.0]
[   8. -146.   -8.];[   7.95091551 -145.87895644   -7.94957357];[   7.77912414 -139.83826781   -8.07458233];[0.0, 0.0, 0.0]
[   8. -146.  -16.];[   7.94953035 -145.85933549  -15.89657302];[   8.30479289 -141.26455423  -13.66477184];[0.0, 0.0, 0.0]
[   8. -146.  -24.];[   7.94762312 -145.82386839  -23.83388449];[   7.97919471 -142.0589046   -19.23039686];[0.0, 0.0, 0.0]
[   8. -146.  -32.];[   7.94428447 -145.76258676  -31.74922858];[   8.11529845 -142.98133576  -24.89571686];[0.0, 0.0, 0.0]
[   0. -146.  -32.];[ 7.63449662e-04 -1.45771912e+02 -3.17548083e+01];[   1.39915547 -143.0992305   -24.58997835];[0.0, 0.0, 0.0]
[   0. -146.  -24.];[-1.16493471e-03 -1.45831713e+02 -2.38396721e+01];[   0.66573663 -141.52178429  -19.46265273];[0.0, 0.0, 0.0]
[   0. -146.  -16.];[-9.22250611e-04 -1.45866129e+02 -1.59014897e+01];[   1.55680681 -140.95689153  -13.38452816];[0.0, 0.0, 0.0]
[   0. -146.   -8.];[-5.90806564e-04 -1.45885062e+02 -7.95411135e+00];[   1.42996245 -140.15673611   -7.44619021];[0.0, 0.0, 0.0]
[   0. -146.    0.];[-2.22256274e-04 -1.45892313e+02 -2.56725081e-03];[   0.89667143 -139.82504491   -1.0463588 ];[0.0, 0.0, 0.0]
[   0. -146.    8.];[ 1.39408330e-04 -1.45885108e+02  7.94927600e+00];[   0.92600955 -140.27635961    6.20570248];[0.0, 0.0, 0.0]
[   0. -146.   16.];[ 4.65195920e-04 -1.45866194e+02  1.58969105e+01];[   0.96154933 -140.52930763   12.23898748];[0.0, 0.0, 0.0]
[   0. -146.   24.];[ 7.00605553e-04 -1.45831790e+02  2.38352552e+01];[   0.76192803 -141.42596073   17.49872801];[0.0, 0.0, 0.0]
[   0. -146.   32.];[ 7.61777620e-04 -1.45772039e+02  3.17520303e+01];[   0.68347616 -142.27972312   23.87974721];[0.0, 0.0, 0.0]
[  -8. -146.   32.];[  -7.94270222 -145.76284174   31.75165793];[  -5.29241175 -142.62686638   24.67873237];[0.0, 0.0, 0.0]
[  -8. -146.   24.];[  -7.94815489 -145.82406377   23.83790557];[  -6.28108937 -140.39609538   17.18619842];[0.0, 0.0, 0.0]
[  -8. -146.   16.];[  -7.95002756 -145.85945191   15.90071173];[  -5.15530718 -141.14477062   13.13719015];[0.0, 0.0, 0.0]
[  -8. -146.    8.];[  -7.95138435 -145.87901636    7.95394771];[  -5.61219596 -139.90234638    5.75027724];[0.0, 0.0, 0.0]
[  -8. -146.    0.];[-7.95162327e+00 -1.45884176e+02  2.70262058e-03];[  -6.22811697 -139.43032671   -1.69248409];[0.0, 0.0, 0.0]
[  -8. -146.   -8.];[  -7.95207432 -145.87899356   -7.94887133];[  -5.62703233 -139.85785096   -7.71903555];[0.0, 0.0, 0.0]
[  -8. -146.  -16.];[  -7.95162893 -145.86024156  -15.89660881];[  -5.36589329 -140.88853728  -13.4758839 ];[0.0, 0.0, 0.0]
[  -8. -146.  -24.];[  -7.95027663 -145.8253133   -23.83478469];[  -5.96788528 -141.40585975  -19.47562316];[0.0, 0.0, 0.0]
[  -8. -146.  -32.];[  -7.94702764 -145.76433465  -31.75084857];[  -5.08810307 -142.81203218  -24.86479138];[0.0, 0.0, 0.0]
[ -16. -146.  -32.];[ -15.88437956 -145.73683126  -31.74548199];[ -11.98949522 -142.46302273  -25.425334  ];[0.0, 0.0, 0.0]
[ -16. -146.  -24.];[ -15.8939869  -145.8019008   -23.83422553];[ -11.66833157 -141.67960093  -19.75014141];[0.0, 0.0, 0.0]
[ -16. -146.  -16.];[ -15.89721757 -145.83887899  -15.89797037];[ -11.87894856 -140.33131772  -14.1173131 ];[0.0, 0.0, 0.0]
[ -16. -146.   -8.];[ -15.89827485 -145.85831288   -7.95172803];[ -11.76442585 -140.5536241    -7.2858621 ];[0.0, 0.0, 0.0]
[ -16. -146.    0.];[-1.58980081e+01 -1.45864072e+02 -1.87247251e-03];[ -11.44105659 -140.05631525   -0.49269583];[0.0, 0.0, 0.0]
[ -16. -146.    8.];[ -15.89829312 -145.85923217    7.94850832];[ -11.41960405 -140.06565705    6.66700485];[0.0, 0.0, 0.0]
[ -16. -146.   16.];[ -15.89605304 -145.83893569   15.89446632];[ -11.65661629 -140.20974367   12.44523211];[0.0, 0.0, 0.0]
[ -16. -146.   24.];[ -15.89180052 -145.80069683   23.82941184];[ -11.7835009  -141.2588856    18.68679935];[0.0, 0.0, 0.0]
[ -16. -146.   32.];[ -15.8840434  -145.73403975   31.74005627];[ -11.48050641 -142.46723853   24.93877557];[0.0, 0.0, 0.0]
[ -24. -146.   24.];[ -23.81665986 -145.7559618    23.8285232 ];[ -18.09637443 -141.47283637   18.97018069];[0.0, 0.0, 0.0]
[ -24. -146.   16.];[ -23.83133315 -145.80057711   15.89490976];[ -17.74568574 -141.20363278   12.85116096];[0.0, 0.0, 0.0]
[ -24. -146.    8.];[ -23.83489736 -145.82286033    7.95148345];[ -17.58977576 -140.57151664    5.56807168];[0.0, 0.0, 0.0]
[ -24. -146.    0.];[-2.38342533e+01 -1.45827975e+02  3.35434489e-03];[ -16.94097919 -141.31615124   -0.90050607];[0.0, 0.0, 0.0]
[ -24. -146.   -8.];[ -23.83387425 -145.82131161   -7.9447216 ];[ -17.1821298  -141.18800405   -7.51642535];[0.0, 0.0, 0.0]
[ -24. -146.  -16.];[ -23.830856   -145.79912467  -15.88841032];[ -17.67428028 -141.33731126  -14.13516774];[0.0, 0.0, 0.0]
[ -24. -146.  -24.];[ -23.82355572 -145.75643733  -23.82010454];[ -17.86495614 -141.86587098  -20.19877859];[0.0, 0.0, 0.0]
[ -32. -146.  -16.];[ -31.73161091 -145.72949714  -15.88876404];[ -23.78305041 -142.10474762  -14.01608238];[0.0, 0.0, 0.0]
[ -32. -146.   -8.];[ -31.74670869 -145.75783787   -7.94585372];[ -23.21304135 -142.3471703    -7.17365493];[0.0, 0.0, 0.0]
[ -32. -146.    0.];[-3.17479579e+01 -1.45765706e+02 -1.64652851e-03];[ -23.20456122 -141.57146056   -0.86993253];[0.0, 0.0, 0.0]
[ -32. -146.    8.];[ -31.74844555 -145.7597373     7.94306557];[ -23.866721   -140.94456452    5.59013496];[0.0, 0.0, 0.0]
[ -32. -146.   16.];[ -31.74227946 -145.73362889   15.88232328];[ -23.66449623 -141.81862995   13.65441263];[0.0, 0.0, 0.0]
[ -32. -154.    0.];[ -31.55790583 -153.27725472    0.15799485];[ -24.39810642 -147.8841476     0.31328252];[0.0, 0.0, 0.0]
[ -24. -154.  -16.];[ -23.78545117 -153.46271187  -15.71484347];[ -18.90069872 -147.68350092  -13.85936654];[0.0, 0.0, 0.0]
[ -24. -154.   -8.];[ -23.75931728 -153.54317407   -7.92897913];[ -19.04551447 -147.31007856   -8.38527866];[0.0, 0.0, 0.0]
[ -24. -154.    0.];[-2.37616485e+01 -1.53554297e+02 -3.09831144e-03];[ -18.41785296 -147.86470044   -0.71958733];[0.0, 0.0, 0.0]
[ -24. -154.    8.];[ -23.76017227 -153.54405032    7.92305014];[ -18.90262166 -147.14775797    5.62896096];[0.0, 0.0, 0.0]
[ -24. -154.   16.];[ -23.75124143 -153.50374711   15.83892364];[ -18.25861017 -147.63375758   12.72392347];[0.0, 0.0, 0.0]
[ -16. -154.   24.];[ -15.85018412 -153.50312586   23.74265361];[ -12.42414705 -147.85304742   18.99311883];[0.0, 0.0, 0.0]
[ -16. -154.   16.];[ -15.85754724 -153.58755185   15.85875864];[ -12.34219881 -147.20437408   12.59854174];[0.0, 0.0, 0.0]
[ -16. -154.    8.];[ -15.86147894 -153.62012336    7.93463633];[ -12.31234857 -147.09521424    5.97270024];[0.0, 0.0, 0.0]
[ -16. -154.    0.];[-1.58619706e+01 -1.53628399e+02  2.42853884e-03];[ -11.81986552 -147.53377468   -0.44022303];[0.0, 0.0, 0.0]
[ -16. -154.   -8.];[ -15.86116645 -153.61979706   -7.9300331 ];[ -11.81602572 -147.57347402   -7.80209437];[0.0, 0.0, 0.0]
[ -16. -154.  -16.];[ -15.85675294 -153.58680532  -15.8544061 ];[ -12.03233346 -147.27634917  -14.58263459];[0.0, 0.0, 0.0]
[ -16. -154.  -24.];[ -15.84269881 -153.50519334  -23.74889136];[ -11.29139916 -148.84861239  -19.66778119];[0.0, 0.0, 0.0]
[  -8. -154.  -24.];[  -7.92915789 -153.54834044  -23.76241141];[  -4.53776475 -148.15599622  -20.05574486];[0.0, 0.0, 0.0]
[  -8. -154.  -16.];[  -7.93302468 -153.62199566  -15.86410914];[  -4.56780719 -147.65668258  -14.0681619 ];[0.0, 0.0, 0.0]
[  -8. -154.   -8.];[  -7.93651154 -153.6608807    -7.93868544];[  -5.0408698  -147.00806034   -7.64858452];[0.0, 0.0, 0.0]
[  -8. -154.    0.];[-7.93678812e+00 -1.53668611e+02 -2.63948013e-03];[  -5.41671074 -147.02049434   -0.991238  ];[0.0, 0.0, 0.0]
[  -8. -154.    8.];[  -7.93658754 -153.66110431    7.93362703];[  -5.00679427 -147.33243495    6.24886778];[0.0, 0.0, 0.0]
[  -8. -154.   16.];[  -7.93325218 -153.62218963   15.85905897];[  -5.42312256 -147.54696086   12.72963022];[0.0, 0.0, 0.0]
[  -8. -154.   24.];[  -7.92758749 -153.54796478   23.75861732];[  -5.42390069 -147.82897216   18.53523184];[0.0, 0.0, 0.0]
[   0. -154.   32.];[-1.05734420e-02 -1.53406498e+02  3.15856823e+01];[   2.1720365  -149.7073873    25.67338792];[0.0, 0.0, 0.0]
[   0. -154.   24.];[-6.05921513e-04 -1.53561512e+02  2.37670749e+01];[   1.89965748 -147.97859806   19.41806335];[0.0, 0.0, 0.0]
[   0. -154.   16.];[-3.46608520e-04 -1.53632838e+02  1.58653351e+01];[   2.12639598 -147.95820576   13.30359552];[0.0, 0.0, 0.0]
[   0. -154.    8.];[-2.74729486e-04 -1.53670646e+02  7.93908647e+00];[   2.04274572 -147.53316913    7.02521213];[0.0, 0.0, 0.0]
[   0. -154.    0.];[-2.64487972e-04 -1.53689895e+02  2.41362590e-03];[   1.38965952 -146.63496555   -1.08669912];[0.0, 0.0, 0.0]
[   0. -154.   -8.];[-2.76946824e-04 -1.53670469e+02 -7.93446494e+00];[   2.55595188 -147.82211229   -7.04638158];[0.0, 0.0, 0.0]
[   0. -154.  -16.];[-2.35337871e-04 -1.53632472e+02 -1.58607750e+01];[   2.34891865 -147.85322463  -13.92412045];[0.0, 0.0, 0.0]
[   0. -154.  -24.];[-3.19923740e-05 -1.53560859e+02 -2.37622884e+01];[   1.92905751 -148.18418633  -19.90891437];[0.0, 0.0, 0.0]
[   0. -154.  -32.];[ 7.26105256e-04 -1.53408891e+02 -3.15933079e+01];[   2.01036196 -149.32358693  -25.10238926];[0.0, 0.0, 0.0]
[   8. -154.  -24.];[   7.92142773 -153.5464751   -23.76633655];[   8.5996326  -147.97929184  -20.40628205];[0.0, 0.0, 0.0]
[   8. -154.  -16.];[   7.93266631 -153.62203299  -15.86395832];[   8.60338689 -147.71362909  -14.40042497];[0.0, 0.0, 0.0]
[   8. -154.   -8.];[   7.93604671 -153.66111966   -7.93869949];[   8.58650724 -147.33702532   -7.61769889];[0.0, 0.0, 0.0]
[   8. -154.    0.];[ 7.93623150e+00 -1.53668600e+02 -2.64874126e-03];[   8.84893058 -147.655391     -0.85497321];[0.0, 0.0, 0.0]
[   8. -154.    8.];[   7.93596986 -153.66100516    7.93364786];[   8.17904268 -147.19792489    5.83685865];[0.0, 0.0, 0.0]
[   8. -154.   16.];[   7.93243948 -153.62206952   15.85920888];[   9.29006967 -148.77537139   13.17832346];[0.0, 0.0, 0.0]
[   8. -154.   24.];[   7.92629534 -153.54840436   23.75930569];[   7.82823256 -147.84564721   17.88889472];[0.0, 0.0, 0.0]
[  16. -154.   24.];[  15.83928972 -153.50548887   23.75185338];[  15.81357161 -149.80816354   19.28630073];[0.0, 0.0, 0.0]
[  16. -154.   16.];[  15.85628154 -153.58719673   15.85920353];[  15.39131674 -148.94373987   13.00601516];[0.0, 0.0, 0.0]
[  16. -154.    8.];[  15.86060456 -153.61987602    7.93481785];[  15.96187916 -149.22161505    6.9009442 ];[0.0, 0.0, 0.0]
[  16. -154.    0.];[ 1.58613560e+01 -1.53628335e+02  2.52637126e-03];[  14.65341612 -147.57983113   -1.30665387];[0.0, 0.0, 0.0]
[  16. -154.   -8.];[  15.86080303 -153.61990764   -7.92988369];[  14.91696422 -148.03072537   -7.56232343];[0.0, 0.0, 0.0]
[  16. -154.  -16.];[  15.85674303 -153.58702467  -15.85401909];[  15.15806321 -148.40731224  -13.72929303];[0.0, 0.0, 0.0]
[  16. -154.  -24.];[  15.84307429 -153.50439741  -23.7475115 ];[  14.92030198 -148.84167194  -20.1729162 ];[0.0, 0.0, 0.0]
[  24. -154.  -16.];[  23.74242718 -153.50154456  -15.84853011];[  20.32660828 -148.34893164  -14.78912943];[0.0, 0.0, 0.0]
[  24. -154.   -8.];[  23.75951283 -153.54394174   -7.92850457];[  20.91956708 -148.74856534   -8.08399884];[0.0, 0.0, 0.0]
[  24. -154.    0.];[ 2.37609170e+01 -1.53554108e+02 -2.54011217e-03];[  21.57699146 -149.23858224   -0.35906253];[0.0, 0.0, 0.0]
[  24. -154.    8.];[  23.75845475 -153.54283442    7.92359496];[  20.08658171 -147.753946      5.11053771];[0.0, 0.0, 0.0]
[  24. -154.   16.];[  23.74857157 -153.50185491   15.83964566];[  20.91038669 -149.27343831   12.5648222 ];[0.0, 0.0, 0.0]
[  32. -154.    0.];[ 3.14797001e+01 -1.53348961e+02  1.50813115e-01];[  26.8452759  -150.1668607     0.17763525];[0.0, 0.0, 0.0]
[  24. -162.    0.];[ 2.35793863e+01 -1.61032104e+02  3.21949737e-03];[  21.99531849 -157.09006162   -0.33006021];[0.0, 0.0, 0.0]
[  16. -162.  -16.];[  15.8109831  -161.087787    -15.60073857];[  15.00544139 -155.48571001  -13.05473434];[0.0, 0.0, 0.0]
[  16. -162.   -8.];[  15.78369467 -161.26301986   -7.89818972];[  14.50398489 -155.3286973    -7.93771064];[0.0, 0.0, 0.0]
[  16. -162.    0.];[ 1.57873291e+01 -1.61285325e+02 -1.99150138e-03];[  14.91460099 -155.77923766   -0.97572699];[0.0, 0.0, 0.0]
[  16. -162.    8.];[  15.78265321 -161.26391024    7.89468733];[  15.48653726 -156.43086762    6.41563079];[0.0, 0.0, 0.0]
[  16. -162.   16.];[  15.76088601 -161.16583918   15.76059318];[  15.1335141  -156.57666875   13.00951121];[0.0, 0.0, 0.0]
[   8. -162.   16.];[   7.89796488 -161.26501435   15.78473423];[   8.73210021 -156.17595709   12.92546233];[0.0, 0.0, 0.0]
[   8. -162.    8.];[   7.90756547 -161.37148753    7.91156246];[   8.70483714 -155.65408986    6.30902104];[0.0, 0.0, 0.0]
[   8. -162.    0.];[ 7.90969832e+00 -1.61390055e+02  3.24925564e-03];[   9.04883817 -155.99740522   -0.271623  ];[0.0, 0.0, 0.0]
[   8. -162.   -8.];[   7.90854684 -161.37131892   -7.90504228];[   8.53331927 -155.46048983   -7.0721218 ];[0.0, 0.0, 0.0]
[   8. -162.  -16.];[   7.89793001 -161.26613581  -15.78047311];[   8.20068561 -154.95761954  -13.76060578];[0.0, 0.0, 0.0]
[   0. -162.  -24.];[ 1.42726149e-02 -1.61051522e+02 -2.35582453e+01];[   1.77567963 -155.93453484  -19.77312079];[0.0, 0.0, 0.0]
[   0. -162.  -16.];[ 8.17588753e-04 -1.61289773e+02 -1.57916915e+01];[   2.14387682 -155.56434056  -13.8932769 ];[0.0, 0.0, 0.0]
[   0. -162.   -8.];[ 1.03870545e-04 -1.61392027e+02 -7.91309519e+00];[   1.56749894 -154.57817594   -8.05538397];[0.0, 0.0, 0.0]
[   0. -162.    0.];[-3.33961338e-04 -1.61446249e+02 -2.87932457e-03];[   1.82070203 -154.8070943    -1.214197  ];[0.0, 0.0, 0.0]
[   0. -162.    8.];[-8.22854746e-04 -1.61392364e+02  7.90741333e+00];[   1.26844924 -154.24626852    5.00522463];[0.0, 0.0, 0.0]
[   0. -162.   16.];[-1.60078221e-03 -1.61289726e+02  1.57856632e+01];[   2.20183484 -155.79145944   13.15914054];[0.0, 0.0, 0.0]
[   0. -162.   24.];[-3.59133724e-03 -1.61058463e+02  2.35679396e+01];[   2.1012027  -156.61046953   19.64866194];[0.0, 0.0, 0.0]
[  -8. -162.   16.];[  -7.89158297 -161.26392168   15.79009546];[  -3.99197487 -156.4055947    13.64862474];[0.0, 0.0, 0.0]
[  -8. -162.    8.];[  -7.90946022 -161.3721888     7.91065297];[  -5.47243334 -154.33489957    5.50884509];[0.0, 0.0, 0.0]
[  -8. -162.    0.];[-7.91052200e+00 -1.61390387e+02  2.32717350e-03];[  -5.43473391 -153.99647807   -1.29741   ];[0.0, 0.0, 0.0]
[  -8. -162.   -8.];[  -7.90829938 -161.37108233   -7.90598711];[  -5.2018174  -154.7040988    -7.63245249];[0.0, 0.0, 0.0]
[  -8. -162.  -16.];[  -7.8959542  -161.26411869  -15.78110464];[  -5.03128498 -155.30700513  -13.85142151];[0.0, 0.0, 0.0]
[ -16. -162.  -16.];[ -15.75780887 -161.16559856  -15.76454785];[ -12.1373678  -155.45193398  -13.99514989];[0.0, 0.0, 0.0]
[ -16. -162.   -8.];[ -15.78377791 -161.26491483   -7.90120011];[ -11.78832805 -154.76667489   -7.95672158];[0.0, 0.0, 0.0]
[ -16. -162.    0.];[-1.57883376e+01 -1.61285984e+02 -4.40284641e-03];[ -11.59089651 -155.1324274    -1.09039701];[0.0, 0.0, 0.0]
[ -16. -162.    8.];[ -15.7845999  -161.26341834    7.89202941];[ -11.33139476 -155.76949133    6.14780336];[0.0, 0.0, 0.0]
[ -16. -162.   16.];[ -15.76526916 -161.16727925   15.75788904];[ -11.7283978  -155.74280201   12.84582193];[0.0, 0.0, 0.0]
[ -24. -162.    0.];[ -23.45439475 -160.96815749    0.16160957];[ -18.1115118  -154.49920017   -0.81437694];[0.0, 0.0, 0.0]
[   0. -170.    0.];[-2.14562373e+00 -1.67211399e+02  1.25091191e-02];[  -3.2223019  -159.10295615   -1.39574594];[0.0, 0.0, 0.0]