# extended ;1
# legs ;['blueleg']
# legs model ;['beam']
# legs young modulus ;[35000.]
# legs poisson ratio ;[0.45]
# legs position on motor ;['counterclockwisedown', 'clockwisedown', 'counterclockwisedown', 'clockwisedown']
# connector ;bluepart
# connector type ;rigid
Target;Simulation;DepthCamera;Polhemus
[  0. -90.   0.];[-1.31595632e-10 -9.04589618e+01 -1.59633235e-10];[0 0 0];[0.34 -94.19 -1.61]
[ 24. -98.   0.];[ 2.36284075e+01 -9.83162923e+01 -5.87668572e-10];[0 0 0];[22.81 -100.12 -1.95]
[ 16. -98. -16.];[ 15.94860756 -98.34927193 -15.92802252];[0 0 0];[17.16 -100.59 -17.66]
[ 16. -98.  -8.];[ 15.9410917  -98.34709976  -7.96842255];[0 0 0];[17.08 -100.5 -10.54]
[ 16. -98.   0.];[ 1.59409183e+01 -9.83456591e+01 -3.77991954e-04];[0 0 0];[17.01 -100.61 -2.41]
[ 16. -98.   8.];[ 15.941087   -98.34713953   7.96778539];[0 0 0];[17.0 -100.7 5.74]
[ 16. -98.  16.];[ 15.94251318 -98.34539946  15.94222772];[0 0 0];[16.96 -100.57 14.1]
[  8. -98.  16.];[  7.96896932 -98.34052046  15.94220728];[0 0 0];[9.03 -100.61 14.31]
[  8. -98.   8.];[  7.96583772 -98.36582043   7.96614083];[0 0 0];[9.05 -100.71 6.68]
[  8. -98.   0.];[ 7.96533124e+00 -9.83690853e+01  3.77943997e-04];[0 0 0];[8.96 -100.87 -1.32]
[  8. -98.  -8.];[  7.96583395 -98.36588181  -7.96550089];[0 0 0];[8.96 -101.01 -9.44]
[  8. -98. -16.];[  7.96872058 -98.34055493 -15.94192054];[0 0 0];[8.89 -101.06 -17.56]
[  0. -98. -24.];[ 6.35704713e-04 -9.83168037e+01 -2.39275710e+01];[0 0 0];[0.62 -100.99 -25.29]
[  0. -98. -16.];[ 2.70222898e-08 -9.83328754e+01 -1.59433433e+01];[0 0 0];[0.7 -101.0 -18.18]
[  0. -98.  -8.];[ 8.56377178e-09 -9.83622653e+01 -7.96627030e+00];[0 0 0];[0.69 -101.07 -10.28]
[  0. -98.   0.];[ 9.55452443e-09 -9.84000815e+01 -3.79095760e-04];[0 0 0];[0.59 -101.15 -2.14]
[  0. -98.   8.];[ 8.02579289e-09 -9.83623659e+01  7.96562766e+00];[0 0 0];[0.58 -101.19 5.94]
[  0. -98.  16.];[ 8.38894419e-09 -9.83329224e+01  1.59428135e+01];[0 0 0];[0.58 -101.12 14.21]
[  0. -98.  24.];[ 7.25730757e-09 -9.83166417e+01  2.39280427e+01];[0 0 0];[0.4 -100.75 22.49]
[ -8. -98.  16.];[ -7.96801929 -98.3406585   15.94289351];[0 0 0];[-7.5 -100.84 15.08]
[ -8. -98.   8.];[ -7.96583767 -98.36582043   7.96614091];[0 0 0];[-7.5 -101.03 6.82]
[ -8. -98.   0.];[-7.96533124e+00 -9.83690853e+01  3.77952314e-04];[0 0 0];[-7.58 -101.17 -1.2]
[ -8. -98.  -8.];[ -7.96583394 -98.36588179  -7.96550089];[0 0 0];[-7.6 -101.35 -9.34]
[ -8. -98. -16.];[ -7.96872057 -98.34055493 -15.94192054];[0 0 0];[-7.64 -101.4 -17.48]
[-16. -98. -16.];[-15.94223434 -98.34538998 -15.94251493];[0 0 0];[-15.57 -101.44 -17.46]
[-16. -98.  -8.];[-15.94109141 -98.34709984  -7.9684243 ];[0 0 0];[-15.63 -101.2 -10.16]
[-16. -98.   0.];[-1.59409183e+01 -9.83456591e+01 -3.77984204e-04];[0 0 0];[-15.67 -101.21 -2.03]
[-16. -98.   8.];[-15.941087   -98.34713953   7.96778539];[0 0 0];[-15.68 -101.22 6.15]
[-16. -98.  16.];[-15.94251318 -98.34539947  15.94222772];[0 0 0];[-15.87 -101.13 14.38]
[-24. -98.   0.];[-2.39139309e+01 -9.83397569e+01  1.76301295e-02];[0 0 0];[-23.46 -101.24 -0.99]
[ -32. -106.    0.];[-3.19091384e+01 -1.06281006e+02  1.89902118e-06];[0 0 0];[-29.79 -107.81 -1.61]
[ -24. -106.  -16.];[ -23.93670605 -106.28487352  -15.93775471];[0 0 0];[-23.67 -108.19 -17.84]
[ -24. -106.   -8.];[ -23.92739105 -106.28557392   -7.97460376];[0 0 0];[-23.89 -108.36 -10.44]
[ -24. -106.    0.];[-2.39257753e+01 -1.06288722e+02 -3.78275114e-04];[0 0 0];[-24.16 -108.45 -1.99]
[ -24. -106.    8.];[ -23.92738155 -106.28560834    7.97396869];[0 0 0];[-24.17 -108.37 6.54]
[ -24. -106.   16.];[ -23.93051779 -106.28173367   15.95188263];[0 0 0];[-24.31 -108.04 14.44]
[ -16. -106.   24.];[ -15.95371446 -106.27625298   23.93124822];[0 0 0];[-16.62 -107.66 22.45]
[ -16. -106.   16.];[ -15.94833711 -106.29111711   15.9485789 ];[0 0 0];[-16.34 -107.97 14.96]
[ -16. -106.    8.];[ -15.94600784 -106.295536      7.97251429];[0 0 0];[-16.24 -108.31 7.08]
[ -16. -106.    0.];[-1.59447661e+01 -1.06299216e+02  3.76054671e-04];[0 0 0];[-16.26 -108.54 -1.02]
[ -16. -106.   -8.];[ -15.94600117 -106.29557503   -7.97188201];[0 0 0];[-16.3 -108.63 -9.49]
[ -16. -106.  -16.];[ -15.94833046 -106.29115979  -15.94805417];[0 0 0];[-16.31 -108.49 -17.61]
[ -16. -106.  -24.];[ -15.95310753 -106.27616389  -23.93166809];[0 0 0];[-16.64 -108.1 -25.19]
[  -8. -106.  -24.];[  -7.97547443 -106.27470312  -23.93016307];[0 0 0];[-8.78 -108.28 -25.4]
[  -8. -106.  -16.];[  -7.97273496 -106.28997815  -15.94726318];[0 0 0];[-8.54 -108.39 -18.42]
[  -8. -106.   -8.];[  -7.96983274 -106.31194577   -7.97013223];[0 0 0];[-8.45 -108.57 -10.41]
[  -8. -106.    0.];[-7.96912009e+00 -1.06316165e+02 -3.75024669e-04];[0 0 0];[-8.5 -108.61 -2.34]
[  -8. -106.    8.];[  -7.96982829 -106.31199835    7.96950096];[0 0 0];[-8.56 -108.63 5.83]
[  -8. -106.   16.];[  -7.97273256 -106.2900135    15.9467437 ];[0 0 0];[-8.6 -108.39 13.96]
[  -8. -106.   24.];[  -7.97527734 -106.27472525   23.92993171];[0 0 0];[-8.8 -107.88 22.19]
[   0. -106.   32.];[-5.22193042e-04 -1.06260881e+02  3.19162124e+01];[0 0 0];[-0.24 -107.43 29.0]
[   0. -106.   24.];[-2.40944985e-08 -1.06272744e+02  2.39300816e+01];[0 0 0];[0.46 -107.73 22.72]
[   0. -106.   16.];[-1.54133453e-08 -1.06288260e+02  1.59470281e+01];[0 0 0];[0.53 -108.27 14.74]
[   0. -106.    8.];[-1.69118413e-08 -1.06310388e+02  7.96998207e+00];[0 0 0];[0.54 -108.54 6.6]
[   0. -106.    0.];[-1.73920490e-08 -1.06342404e+02  3.75384082e-04];[0 0 0];[0.49 -108.72 -1.48]
[   0. -106.   -8.];[-1.71693612e-08 -1.06310448e+02 -7.96935099e+00];[0 0 0];[0.42 -108.78 -9.57]
[   0. -106.  -16.];[-1.51375237e-08 -1.06288297e+02 -1.59465102e+01];[0 0 0];[0.34 -108.67 -17.69]
[   0. -106.  -24.];[-1.31573616e-08 -1.06272771e+02 -2.39296635e+01];[0 0 0];[0.49 -108.35 -25.57]
[   0. -106.  -32.];[-1.12883197e-08 -1.06260765e+02 -3.19166058e+01];[0 0 0];[0.69 -107.65 -32.21]
[   8. -106.  -24.];[   7.97472067 -106.27479945  -23.93069851];[0 0 0];[9.1 -107.69 -26.19]
[   8. -106.  -16.];[   7.97273492 -106.28997817  -15.94726323];[0 0 0];[9.11 -107.99 -18.51]
[   8. -106.   -8.];[   7.96983275 -106.31194578   -7.97013248];[0 0 0];[9.07 -108.21 -10.46]
[   8. -106.    0.];[ 7.96912006e+00 -1.06316165e+02 -3.75024211e-04];[0 0 0];[8.95 -108.3 -2.49]
[   8. -106.    8.];[   7.96982823 -106.31199842    7.96950073];[0 0 0];[8.9 -108.3 5.83]
[   8. -106.   16.];[   7.97273254 -106.2900135    15.9467437 ];[0 0 0];[8.91 -108.05 14.03]
[   8. -106.   24.];[   7.97527732 -106.27472527   23.92993171];[0 0 0];[9.08 -107.52 22.21]
[  16. -106.   24.];[  15.95289125 -106.27616574   23.93189565];[0 0 0];[17.22 -107.12 22.08]
[  16. -106.   16.];[  15.94833706 -106.29111712   15.94857896];[0 0 0];[17.18 -107.41 14.54]
[  16. -106.    8.];[  15.94600782 -106.295536      7.97251429];[0 0 0];[17.14 -107.7 6.46]
[  16. -106.    0.];[ 1.59447661e+01 -1.06299216e+02  3.76049945e-04];[0 0 0];[17.19 -107.89 -1.6]
[  16. -106.   -8.];[  15.94600114 -106.29557505   -7.97188201];[0 0 0];[17.2 -107.99 -10.07]
[  16. -106.  -16.];[  15.94833044 -106.2911598   -15.94805417];[0 0 0];[17.18 -107.82 -18.2]
[  16. -106.  -24.];[  15.95310752 -106.27616391  -23.93166808];[0 0 0];[17.23 -107.53 -25.92]
[  24. -106.  -16.];[  23.92975656 -106.2818074   -15.9528872 ];[0 0 0];[24.77 -106.98 -19.36]
[  24. -106.   -8.];[  23.92739074 -106.28557397   -7.97460562];[0 0 0];[24.89 -107.28 -11.28]
[  24. -106.    0.];[ 2.39257753e+01 -1.06288722e+02 -3.78282390e-04];[0 0 0];[25.05 -107.42 -2.58]
[  24. -106.    8.];[  23.92738154 -106.28560834    7.97396868];[0 0 0];[24.77 -107.36 6.07]
[  24. -106.   16.];[  23.93051778 -106.28173368   15.95188262];[0 0 0];[24.66 -107.04 14.25]
[  32. -106.    0.];[ 3.18997973e+01 -1.06285453e+02  1.78337372e-02];[0 0 0];[30.91 -106.7 -1.78]
[  32. -114.  -16.];[  31.91173755 -114.22710344  -15.94601568];[0 0 0];[31.14 -113.61 -18.39]
[  32. -114.   -8.];[  31.90834461 -114.234945     -7.97844545];[0 0 0];[30.86 -113.85 -11.22]
[  32. -114.    0.];[ 3.19059886e+01 -1.14238474e+02 -3.78639295e-04];[0 0 0];[30.41 -113.98 -2.45]
[  32. -114.    8.];[  31.90834021 -114.23494862    7.97781097];[0 0 0];[30.58 -113.78 6.07]
[  32. -114.   16.];[  31.91244493 -114.23113146   15.95783   ];[0 0 0];[31.14 -113.36 14.12]
[  24. -114.   24.];[  23.93508377 -114.23423926   23.93387443];[0 0 0];[24.33 -113.42 22.33]
[  24. -114.   16.];[  23.93011889 -114.23835848   15.95415736];[0 0 0];[24.4 -113.78 15.03]
[  24. -114.    8.];[  23.92685857 -114.24192135    7.97622966];[0 0 0];[24.7 -114.36 6.8]
[  24. -114.    0.];[ 2.39250138e+01 -1.14245346e+02  3.75350583e-04];[0 0 0];[24.88 -114.69 -2.06]
[  24. -114.   -8.];[  23.92685535 -114.24192598   -7.9756011 ];[0 0 0];[24.87 -114.66 -10.79]
[  24. -114.  -16.];[  23.9301129  -114.23837008  -15.9536403 ];[0 0 0];[24.58 -114.24 -19.02]
[  24. -114.  -24.];[  23.93449905 -114.23416358  -23.93427425];[0 0 0];[24.56 -113.73 -26.53]
[  16. -114.  -32.];[  15.96026549 -114.22205729  -31.91539227];[0 0 0];[16.61 -113.97 -33.76]
[  16. -114.  -24.];[  15.95481898 -114.23370338  -23.93167425];[0 0 0];[16.45 -114.24 -27.08]
[  16. -114.  -16.];[  15.94968248 -114.24783127  -15.94991967];[0 0 0];[16.65 -114.68 -19.2]
[  16. -114.   -8.];[  15.94735132 -114.25127278   -7.97401062];[0 0 0];[17.09 -115.07 -11.21]
[  16. -114.    0.];[ 1.59460492e+01 -1.14254664e+02 -3.72762848e-04];[0 0 0];[17.27 -115.31 -2.69]
[  16. -114.    8.];[  15.94734916 -114.25127873    7.97338764];[0 0 0];[17.24 -115.11 5.85]
[  16. -114.   16.];[  15.94967637 -114.24785533   15.94940578];[0 0 0];[17.08 -114.72 14.17]
[  16. -114.   24.];[  15.95481278 -114.2337291    23.9312563 ];[0 0 0];[17.14 -114.13 21.79]
[  16. -114.   32.];[  15.95977186 -114.22196755   31.91575446];[0 0 0];[17.0 -113.6 29.58]
[   8. -114.   32.];[   7.97954865 -114.22149758   31.91361189];[0 0 0];[9.26 -113.98 29.55]
[   8. -114.   24.];[   7.97683613 -114.23281198   23.92980513];[0 0 0];[9.0 -114.48 22.76]
[   8. -114.   16.];[   7.97420277 -114.24659281   15.94856883];[0 0 0];[9.15 -114.94 14.88]
[   8. -114.    8.];[   7.97142849 -114.26450328    7.97172434];[0 0 0];[9.3 -115.33 6.74]
[   8. -114.    0.];[ 7.97072928e+00 -1.14267982e+02  3.71140812e-04];[0 0 0];[9.31 -115.6 -1.57]
[   8. -114.   -8.];[   7.97142534 -114.26452951   -7.97110272];[0 0 0];[9.29 -115.65 -9.68]
[   8. -114.  -16.];[   7.97419892 -114.24662581  -15.94805705];[0 0 0];[9.2 -115.35 -17.87]
[   8. -114.  -24.];[   7.97683319 -114.2328372   -23.92939189];[0 0 0];[9.28 -114.86 -25.63]
[   8. -114.  -32.];[   7.97939349 -114.22150752  -31.91342962];[0 0 0];[9.02 -114.49 -32.88]
[   0. -114.  -32.];[ 1.56117458e-04 -1.14220929e+02 -3.19129329e+01];[0 0 0];[0.93 -114.92 -32.37]
[   0. -114.  -24.];[ 2.64093649e-08 -1.14231945e+02 -2.39293059e+01];[0 0 0];[0.33 -115.33 -26.59]
[   0. -114.  -16.];[ 2.54381992e-08 -1.14245462e+02 -1.59482370e+01];[0 0 0];[0.29 -115.68 -18.78]
[   0. -114.   -8.];[ 2.81655359e-08 -1.14263152e+02 -7.97155258e+00];[0 0 0];[0.31 -115.97 -10.86]
[   0. -114.    0.];[ 2.25859955e-08 -1.14286498e+02 -3.70775653e-04];[0 0 0];[0.41 -116.09 -2.75]
[   0. -114.    8.];[ 1.29644005e-08 -1.14263198e+02  7.97092990e+00];[0 0 0];[0.41 -115.99 5.52]
[   0. -114.   16.];[ 1.23068192e-08 -1.14245494e+02  1.59477271e+01];[0 0 0];[0.41 -115.66 13.93]
[   0. -114.   24.];[ 1.00157411e-08 -1.14231969e+02  2.39288946e+01];[0 0 0];[0.03 -114.98 21.42]
[   0. -114.   32.];[ 1.02643423e-08 -1.14220937e+02  3.19127531e+01];[0 0 0];[0.06 -114.35 29.16]
[  -8. -114.   32.];[  -7.97923445 -114.22149364   31.9136118 ];[0 0 0];[-8.06 -114.51 29.51]
[  -8. -114.   24.];[  -7.9768361  -114.23281198   23.92980513];[0 0 0];[-8.55 -114.94 22.52]
[  -8. -114.   16.];[  -7.97420274 -114.24659281   15.94856883];[0 0 0];[-8.42 -115.42 14.78]
[  -8. -114.    8.];[  -7.97142845 -114.26450328    7.97172434];[0 0 0];[-8.31 -115.75 6.86]
[  -8. -114.    0.];[-7.97072924e+00 -1.14267982e+02  3.71140316e-04];[0 0 0];[-8.22 -116.03 -1.21]
[  -8. -114.   -8.];[  -7.97142531 -114.2645295    -7.97110272];[0 0 0];[-8.24 -116.06 -9.58]
[  -8. -114.  -16.];[  -7.97419889 -114.24662581  -15.94805705];[0 0 0];[-8.27 -115.75 -17.76]
[  -8. -114.  -24.];[  -7.97683316 -114.23283722  -23.92939188];[0 0 0];[-8.73 -115.19 -25.15]
[  -8. -114.  -32.];[  -7.97939347 -114.22150751  -31.91342963];[0 0 0];[-8.73 -114.58 -32.29]
[ -16. -114.  -32.];[ -15.95960761 -114.22195537  -31.91593737];[0 0 0];[-16.39 -114.57 -32.57]
[ -16. -114.  -24.];[ -15.95481895 -114.23370338  -23.9316743 ];[0 0 0];[-16.88 -114.88 -26.15]
[ -16. -114.  -16.];[ -15.94968246 -114.24783128  -15.94991967];[0 0 0];[-16.77 -115.34 -18.42]
[ -16. -114.   -8.];[ -15.9473513  -114.25127272   -7.97401048];[0 0 0];[-16.61 -115.67 -10.65]
[ -16. -114.    0.];[-1.59460491e+01 -1.14254664e+02 -3.72761360e-04];[0 0 0];[-16.67 -115.9 -2.46]
[ -16. -114.    8.];[ -15.94734914 -114.2512787     7.97338764];[0 0 0];[-16.7 -115.75 5.8]
[ -16. -114.   16.];[ -15.94967635 -114.24785534   15.94940578];[0 0 0];[-16.7 -115.33 14.38]
[ -16. -114.   24.];[ -15.95481276 -114.23372911   23.9312563 ];[0 0 0];[-16.93 -114.74 21.98]
[ -16. -114.   32.];[ -15.95977185 -114.22196754   31.91575447];[0 0 0];[-16.93 -114.18 30.01]
[ -24. -114.   24.];[ -23.93389978 -114.23421676   23.93507111];[0 0 0];[-23.89 -114.29 23.04]
[ -24. -114.   16.];[ -23.93011884 -114.23835849   15.95415748];[0 0 0];[-23.81 -114.69 15.21]
[ -24. -114.    8.];[ -23.92685856 -114.24192133    7.97622966];[0 0 0];[-24.01 -115.11 7.18]
[ -24. -114.    0.];[-2.39250137e+01 -1.14245346e+02  3.75353819e-04];[0 0 0];[-24.33 -115.43 -1.51]
[ -24. -114.   -8.];[ -23.92685534 -114.24192596   -7.9756011 ];[0 0 0];[-24.23 -115.36 -9.99]
[ -24. -114.  -16.];[ -23.93011287 -114.23837006  -15.95364031];[0 0 0];[-24.28 -114.98 -17.92]
[ -24. -114.  -24.];[ -23.93449903 -114.23416356  -23.93427425];[0 0 0];[-24.53 -114.4 -25.24]
[ -32. -114.  -16.];[ -31.91165576 -114.23124723  -15.95883436];[0 0 0];[-30.97 -114.4 -18.12]
[ -32. -114.   -8.];[ -31.90834453 -114.23494533   -7.97844708];[0 0 0];[-30.67 -114.64 -10.21]
[ -32. -114.    0.];[-3.19059886e+01 -1.14238474e+02 -3.78637636e-04];[0 0 0];[-30.51 -114.83 -1.7]
[ -32. -114.    8.];[ -31.90834019 -114.23494859    7.97781097];[0 0 0];[-30.94 -114.71 6.84]
[ -32. -114.   16.];[ -31.91244492 -114.23113143   15.95783   ];[0 0 0];[-31.38 -114.45 15.09]
[ -32. -122.   16.];[ -31.90472142 -122.19254968   15.95666319];[0 0 0];[-31.24 -121.3 15.17]
[ -32. -122.    8.];[ -31.90149027 -122.19471535    7.97830107];[0 0 0];[-30.76 -121.86 7.07]
[ -32. -122.    0.];[-3.18997860e+01 -1.22196469e+02  3.75001404e-04];[0 0 0];[-30.29 -122.04 -1.67]
[ -32. -122.   -8.];[ -31.90148716 -122.19471409   -7.97767116];[0 0 0];[-30.27 -121.95 -9.81]
[ -32. -122.  -16.];[ -31.90470939 -122.19277353  -15.95638625];[0 0 0];[-30.73 -121.5 -17.6]
[ -24. -122.  -24.];[ -23.93024941 -122.19792615  -23.92906477];[0 0 0];[-23.94 -121.44 -25.39]
[ -24. -122.  -16.];[ -23.92604857 -122.19970975  -15.95260395];[0 0 0];[-23.75 -121.78 -18.52]
[ -24. -122.   -8.];[ -23.92347896 -122.2012355    -7.97608301];[0 0 0];[-23.55 -122.19 -10.47]
[ -24. -122.    0.];[-2.39221588e+01 -1.22202821e+02 -3.71476324e-04];[0 0 0];[-23.51 -122.35 -1.97]
[ -24. -122.    8.];[ -23.92347657 -122.2012348     7.97546121];[0 0 0];[-23.68 -122.19 6.68]
[ -24. -122.   16.];[ -23.92604302 -122.19971335   15.95209434];[0 0 0];[-24.02 -121.8 14.89]
[ -24. -122.   24.];[ -23.92967582 -122.19786756   23.92945412];[0 0 0];[-23.95 -121.3 22.46]
[ -16. -122.   32.];[ -15.95883435 -122.18539108   31.90787421];[0 0 0];[-16.13 -121.01 30.35]
[ -16. -122.   24.];[ -15.9532832  -122.19588401   23.92765241];[0 0 0];[-16.01 -121.46 23.21]
[ -16. -122.   16.];[ -15.94820459 -122.20758726   15.94843767];[0 0 0];[-16.1 -121.96 15.49]
[ -16. -122.    8.];[ -15.94636941 -122.20886229    7.97394117];[0 0 0];[-16.36 -122.4 7.35]
[ -16. -122.    0.];[-1.59453487e+01 -1.22210730e+02  3.68608482e-04];[0 0 0];[-16.7 -122.91 -1.31]
[ -16. -122.   -8.];[ -15.94636777 -122.2088621    -7.97332573];[0 0 0];[-16.51 -122.83 -9.99]
[ -16. -122.  -16.];[ -15.94819788 -122.2076035   -15.94793107];[0 0 0];[-16.57 -122.44 -17.82]
[ -16. -122.  -24.];[ -15.95327455 -122.19590769  -23.92723835];[0 0 0];[-16.67 -121.85 -24.81]
[ -16. -122.  -32.];[ -15.95834385 -122.18530993  -31.90823788];[0 0 0];[-16.55 -121.55 -32.83]
[  -8. -122.  -32.];[  -7.9793906  -122.18380038  -31.90703273];[0 0 0];[-8.37 -121.7 -32.87]
[  -8. -122.  -24.];[  -7.97668341 -122.1937935   -23.92649878];[0 0 0];[-8.12 -122.06 -26.14]
[  -8. -122.  -16.];[  -7.97413105 -122.20503554  -15.94758616];[0 0 0];[-8.3 -122.68 -18.96]
[  -8. -122.   -8.];[  -7.9715937  -122.2184639    -7.97188585];[0 0 0];[-8.32 -123.05 -10.96]
[  -8. -122.    0.];[-7.97095081e+00 -1.22221106e+02 -3.66600560e-04];[0 0 0];[-8.48 -123.24 -3.01]
[  -8. -122.    8.];[  -7.97159064 -122.21848102    7.97127214];[0 0 0];[-8.55 -123.11 5.62]
[  -8. -122.   16.];[  -7.97412632 -122.20506316   15.94708044];[0 0 0];[-8.51 -122.57 13.94]
[  -8. -122.   24.];[  -7.97667924 -122.19381654   23.9260892 ];[0 0 0];[-8.21 -121.83 21.33]
[  -8. -122.   32.];[  -7.97923401 -122.1838089    31.90685016];[0 0 0];[-8.05 -121.36 29.51]
[   0. -122.   32.];[-1.57429457e-04 -1.22182288e+02  3.19070460e+01];[0 0 0];[-0.3 -121.39 29.36]
[   0. -122.   24.];[-3.98380945e-09 -1.22191927e+02  2.39265342e+01];[0 0 0];[0.36 -121.78 22.28]
[   0. -122.   16.];[ 3.06819037e-10 -1.22203242e+02  1.59475273e+01];[0 0 0];[0.54 -122.45 15.08]
[   0. -122.    8.];[ 3.28156684e-11 -1.22217196e+02  7.97175757e+00];[0 0 0];[0.48 -122.9 7.11]
[   0. -122.    0.];[-1.43966285e-10 -1.22232115e+02  3.65804210e-04];[0 0 0];[0.46 -123.23 -1.21]
[   0. -122.   -8.];[ 2.53314441e-10 -1.22217222e+02 -7.97114388e+00];[0 0 0];[0.5 -123.2 -9.65]
[   0. -122.  -16.];[-1.51392344e-10 -1.22203266e+02 -1.59470240e+01];[0 0 0];[0.72 -122.76 -17.99]
[   0. -122.  -24.];[ 9.51493497e-10 -1.22191949e+02 -2.39261264e+01];[0 0 0];[0.88 -122.07 -24.61]
[   0. -122.  -32.];[-6.12162935e-10 -1.22182295e+02 -3.19068660e+01];[0 0 0];[0.67 -121.8 -32.42]
[   8. -122.  -32.];[   7.97907475 -122.18379468  -31.90703348];[0 0 0];[8.57 -121.67 -32.9]
[   8. -122.  -24.];[   7.9766834  -122.19379351  -23.92649878];[0 0 0];[9.2 -121.94 -26.28]
[   8. -122.  -16.];[   7.97413105 -122.20503554  -15.94758616];[0 0 0];[9.25 -122.47 -18.7]
[   8. -122.   -8.];[   7.9715937  -122.21846391   -7.97188585];[0 0 0];[9.36 -122.78 -10.8]
[   8. -122.    0.];[ 7.97095081e+00 -1.22221106e+02 -3.66601809e-04];[0 0 0];[9.33 -122.95 -2.66]
[   8. -122.    8.];[   7.97159065 -122.21848103    7.97127214];[0 0 0];[9.13 -122.73 5.98]
[   8. -122.   16.];[   7.97412632 -122.20506315   15.94708044];[0 0 0];[9.26 -122.15 14.08]
[   8. -122.   24.];[   7.97667924 -122.19381656   23.9260892 ];[0 0 0];[9.18 -121.4 21.32]
[   8. -122.   32.];[   7.97923402 -122.18380892   31.90685016];[0 0 0];[8.66 -120.8 29.45]
[  16. -122.   32.];[  15.95818103 -122.18529631   31.90842187];[0 0 0];[16.26 -120.51 29.73]
[  16. -122.   24.];[  15.95328319 -122.19588403   23.92765245];[0 0 0];[16.84 -120.99 22.89]
[  16. -122.   16.];[  15.9482046  -122.20758727   15.94843768];[0 0 0];[16.87 -121.43 15.02]
[  16. -122.    8.];[  15.94636941 -122.2088623     7.97394117];[0 0 0];[17.05 -121.98 6.92]
[  16. -122.    0.];[ 1.59453487e+01 -1.22210730e+02  3.68606813e-04];[0 0 0];[17.43 -122.4 -1.76]
[  16. -122.   -8.];[  15.94636776 -122.2088621    -7.97332573];[0 0 0];[17.21 -122.3 -10.37]
[  16. -122.  -16.];[  15.94819788 -122.2076035   -15.94793107];[0 0 0];[17.01 -121.8 -18.59]
[  16. -122.  -24.];[  15.95327454 -122.1959077   -23.92723834];[0 0 0];[16.9 -121.31 -25.89]
[  16. -122.  -32.];[  15.95834385 -122.18530993  -31.90823788];[0 0 0];[16.68 -120.99 -33.63]
[  24. -122.  -24.];[  23.92908894 -122.19790985  -23.93023699];[0 0 0];[23.94 -121.0 -27.05]
[  24. -122.  -16.];[  23.92604854 -122.19970975  -15.95260408];[0 0 0];[24.07 -121.3 -19.14]
[  24. -122.   -8.];[  23.92347896 -122.20123549   -7.97608302];[0 0 0];[23.75 -121.49 -10.55]
[  24. -122.    0.];[ 2.39221588e+01 -1.22202821e+02 -3.71479386e-04];[0 0 0];[23.2 -121.52 -1.99]
[  24. -122.    8.];[  23.92347658 -122.20123479    7.97546121];[0 0 0];[23.62 -121.3 6.56]
[  24. -122.   16.];[  23.92604303 -122.19971333   15.95209434];[0 0 0];[24.08 -120.84 14.35]
[  24. -122.   24.];[  23.92967582 -122.19786756   23.92945412];[0 0 0];[24.35 -120.3 21.89]
[  32. -122.   16.];[  31.90392407 -122.19288238   15.95737569];[0 0 0];[31.03 -120.37 14.6]
[  32. -122.    8.];[  31.90149023 -122.19471537    7.97830116];[0 0 0];[30.82 -120.74 6.32]
[  32. -122.    0.];[ 3.18997860e+01 -1.22196469e+02  3.74996809e-04];[0 0 0];[30.74 -120.96 -2.03]
[  32. -122.   -8.];[  31.90148716 -122.19471407   -7.97767116];[0 0 0];[30.77 -121.02 -10.37]
[  32. -122.  -16.];[  31.90470938 -122.19277353  -15.95638625];[0 0 0];[30.93 -120.77 -18.5]
[  40. -130.    0.];[ 3.98449135e+01 -1.30135624e+02 -2.74548094e-02];[0 0 0];[38.15 -127.56 -2.83]
[  32. -130.  -24.];[  31.96433309 -130.17753951  -23.64655835];[0 0 0];[31.39 -127.93 -23.98]
[  32. -130.  -16.];[  31.89468371 -130.15014954  -15.9535582 ];[0 0 0];[30.62 -128.03 -18.84]
[  32. -130.   -8.];[  31.89218603 -130.15172595   -7.97702045];[0 0 0];[30.47 -128.15 -10.6]
[  32. -130.    0.];[ 3.18900202e+01 -1.30154035e+02 -3.70754614e-04];[0 0 0];[30.44 -128.12 -2.26]
[  32. -130.    8.];[  31.8921787  -130.15173071    7.97639571];[0 0 0];[30.52 -127.93 5.7]
[  32. -130.   16.];[  31.89467472 -130.15015012   15.95307138];[0 0 0];[30.86 -127.4 13.79]
[  32. -130.   24.];[  31.89817248 -130.14773253   23.92889386];[0 0 0];[30.92 -127.07 21.84]
[  24. -130.   32.];[  23.93096216 -130.14494432   31.89961365];[0 0 0];[23.49 -127.06 29.99]
[  24. -130.   24.];[  23.9231526  -130.15535102   23.9233343 ];[0 0 0];[23.38 -127.5 22.74]
[  24. -130.   16.];[  23.92024213 -130.15694494   15.94947149];[0 0 0];[23.57 -127.87 14.82]
[  24. -130.    8.];[  23.91798011 -130.15847193    7.9748472 ];[0 0 0];[23.36 -128.19 6.72]
[  24. -130.    0.];[ 2.39162588e+01 -1.30160748e+02  3.66961096e-04];[0 0 0];[23.41 -128.4 -1.79]
[  24. -130.   -8.];[  23.91797374 -130.15847846   -7.97423077];[0 0 0];[23.39 -128.5 -10.09]
[  24. -130.  -16.];[  23.92023699 -130.15694541  -15.9489676 ];[0 0 0];[23.78 -128.07 -18.19]
[  24. -130.  -24.];[  23.92314128 -130.1553617   -23.9229207 ];[0 0 0];[23.64 -127.9 -26.26]
[  24. -130.  -32.];[  23.93049278 -130.14488072  -31.89996661];[0 0 0];[23.54 -127.64 -34.05]
[  16. -130.  -32.];[  15.95525684 -130.14451634  -31.89864699];[0 0 0];[15.97 -128.13 -34.02]
[  16. -130.  -24.];[  15.95018947 -130.1540169   -23.92191479];[0 0 0];[16.24 -128.34 -26.62]
[  16. -130.  -16.];[  15.94541155 -130.16327983  -15.94564113];[0 0 0];[16.59 -128.89 -19.26]
[  16. -130.   -8.];[  15.94375321 -130.16463263   -7.97286978];[0 0 0];[16.55 -129.16 -10.91]
[  16. -130.    0.];[ 1.59425388e+01 -1.30166912e+02 -3.63919768e-04];[0 0 0];[16.55 -129.28 -2.22]
[  16. -130.    8.];[  15.94374885 -130.16463946    7.97225998];[0 0 0];[16.45 -129.12 6.28]
[  16. -130.   16.];[  15.94540461 -130.16329067   15.94514017];[0 0 0];[16.68 -128.35 13.84]
[  16. -130.   24.];[  15.95017921 -130.15403652   23.92150251];[0 0 0];[16.54 -127.92 21.82]
[  16. -130.   32.];[  15.95509821 -130.14452453   31.89845831];[0 0 0];[16.63 -127.52 29.85]
[   8. -130.   32.];[   7.97815118 -130.14345606   31.89808213];[0 0 0];[8.94 -127.91 30.1]
[   8. -130.   24.];[   7.97547473 -130.15275424   23.92112758];[0 0 0];[8.65 -128.02 22.68]
[   8. -130.   16.];[   7.97307164 -130.16168682   15.94499121];[0 0 0];[8.68 -128.82 15.31]
[   8. -130.    8.];[   7.97092191 -130.17049116    7.97121037];[0 0 0];[9.03 -129.53 7.17]
[   8. -130.    0.];[ 7.97028173e+00 -1.30172815e+02  3.61744505e-04];[0 0 0];[9.21 -129.97 -1.29]
[   8. -130.   -8.];[   7.97091906 -130.1705018    -7.97060412];[0 0 0];[9.08 -129.86 -10.09]
[   8. -130.  -16.];[   7.97306752 -130.16170173  -15.9444924 ];[0 0 0];[8.91 -129.25 -17.77]
[   8. -130.  -24.];[   7.97547047 -130.15276888  -23.92072168];[0 0 0];[8.37 -128.67 -25.4]
[   8. -130.  -32.];[   7.97799281 -130.14346354  -31.89789689];[0 0 0];[8.12 -128.35 -33.22]
[   0. -130.  -40.];[ 4.53867330e-04 -1.30133227e+02 -3.98727751e+01];[0 0 0];[0.39 -128.23 -40.88]
[   0. -130.  -32.];[ 7.91633530e-09 -1.30143187e+02 -3.18979286e+01];[0 0 0];[0.26 -128.35 -34.16]
[   0. -130.  -24.];[-8.06652187e-10 -1.30152304e+02 -2.39208514e+01];[0 0 0];[0.35 -128.7 -26.08]
[   0. -130.  -16.];[ 2.63339527e-10 -1.30161098e+02 -1.59447753e+01];[0 0 0];[0.2 -129.6 -19.14]
[   0. -130.   -8.];[-5.46998160e-11 -1.30169816e+02 -7.97108732e+00];[0 0 0];[0.29 -130.22 -11.09]
[   0. -130.    0.];[-6.77577579e-10 -1.30178413e+02 -3.60844630e-04];[0 0 0];[0.32 -130.36 -2.89]
[   0. -130.    8.];[-5.53431906e-10 -1.30169831e+02  7.97048159e+00];[0 0 0];[0.19 -130.14 5.91]
[   0. -130.   16.];[-4.85805290e-10 -1.30161113e+02  1.59442777e+01];[0 0 0];[0.08 -129.27 13.2]
[   0. -130.   24.];[ 8.12863052e-11 -1.30152318e+02  2.39204467e+01];[0 0 0];[0.16 -128.78 21.33]
[   0. -130.   32.];[ 8.91616986e-11 -1.30143201e+02  3.18976038e+01];[0 0 0];[0.2 -128.2 29.54]
[   0. -130.   40.];[ 5.15599424e-10 -1.30133176e+02  3.98731195e+01];[0 0 0];[0.16 -127.66 37.73]
[  -8. -130.   32.];[  -7.97756356 -130.14347889   31.8984848 ];[0 0 0];[-8.05 -127.95 30.85]
[  -8. -130.   24.];[  -7.97547472 -130.15275424   23.92112761];[0 0 0];[-8.1 -128.52 22.7]
[  -8. -130.   16.];[  -7.97307163 -130.16168682   15.94499122];[0 0 0];[-8.28 -129.27 15.2]
[  -8. -130.    8.];[  -7.97092191 -130.17049116    7.97121038];[0 0 0];[-8.3 -129.91 6.92]
[  -8. -130.    0.];[-7.97028173e+00 -1.30172815e+02  3.61746117e-04];[0 0 0];[-8.44 -130.34 -1.55]
[  -8. -130.   -8.];[  -7.97091906 -130.1705018    -7.97060412];[0 0 0];[-8.36 -130.2 -10.03]
[  -8. -130.  -16.];[  -7.97306752 -130.16170173  -15.9444924 ];[0 0 0];[-8.67 -129.41 -16.95]
[  -8. -130.  -24.];[  -7.97547047 -130.15276888  -23.92072168];[0 0 0];[-8.54 -129.02 -24.79]
[  -8. -130.  -32.];[  -7.97799281 -130.14346355  -31.89789689];[0 0 0];[-8.21 -128.73 -32.32]
[ -16. -130.  -32.];[ -15.95493524 -130.14451157  -31.89864577];[0 0 0];[-15.64 -128.59 -32.86]
[ -16. -130.  -24.];[ -15.95018946 -130.15401691  -23.92191479];[0 0 0];[-16.09 -128.81 -25.74]
[ -16. -130.  -16.];[ -15.94541155 -130.16327983  -15.94564113];[0 0 0];[-16.1 -129.29 -18.62]
[ -16. -130.   -8.];[ -15.94375321 -130.16463263   -7.97286978];[0 0 0];[-16.07 -129.72 -10.66]
[ -16. -130.    0.];[-1.59425388e+01 -1.30166912e+02 -3.63912369e-04];[0 0 0];[-15.94 -129.83 -2.08]
[ -16. -130.    8.];[ -15.94374885 -130.16463946    7.97225998];[0 0 0];[-16.1 -129.72 6.71]
[ -16. -130.   16.];[ -15.9454046  -130.16329066   15.94514018];[0 0 0];[-16.3 -129.0 14.34]
[ -16. -130.   24.];[ -15.95017921 -130.15403652   23.92150251];[0 0 0];[-16.21 -128.59 22.22]
[ -16. -130.   32.];[ -15.95509821 -130.14452453   31.89845831];[0 0 0];[-16.16 -128.17 30.13]
[ -24. -130.   32.];[ -23.93032623 -130.14486782   31.90015601];[0 0 0];[-23.37 -127.96 30.59]
[ -24. -130.   24.];[ -23.92315259 -130.15535102   23.92333434];[0 0 0];[-23.64 -128.55 23.14]
[ -24. -130.   16.];[ -23.92024213 -130.15694493   15.9494715 ];[0 0 0];[-23.66 -128.87 15.21]
[ -24. -130.    8.];[ -23.91798011 -130.15847194    7.9748472 ];[0 0 0];[-23.24 -129.27 6.86]
[ -24. -130.    0.];[-2.39162588e+01 -1.30160748e+02  3.66965158e-04];[0 0 0];[-22.87 -129.32 -1.8]
[ -24. -130.   -8.];[ -23.91797374 -130.15847845   -7.97423077];[0 0 0];[-23.16 -129.21 -9.93]
[ -24. -130.  -16.];[ -23.92023698 -130.15694542  -15.94896759];[0 0 0];[-23.59 -128.72 -17.33]
[ -24. -130.  -24.];[ -23.92314127 -130.1553617   -23.9229207 ];[0 0 0];[-23.54 -128.45 -24.98]
[ -24. -130.  -32.];[ -23.93049278 -130.14488072  -31.89996662];[0 0 0];[-23.59 -128.24 -32.87]
[ -32. -130.  -24.];[ -31.89753824 -130.14780646  -23.92967716];[0 0 0];[-30.61 -128.5 -25.65]
[ -32. -130.  -16.];[ -31.89468069 -130.15015089  -15.95358422];[0 0 0];[-30.88 -128.83 -17.88]
[ -32. -130.   -8.];[ -31.89218603 -130.15172596   -7.97702045];[0 0 0];[-30.84 -128.99 -10.07]
[ -32. -130.    0.];[-3.18900202e+01 -1.30154035e+02 -3.70752019e-04];[0 0 0];[-30.82 -129.02 -1.99]
[ -32. -130.    8.];[ -31.8921787  -130.15173071    7.97639571];[0 0 0];[-31.06 -128.98 6.55]
[ -32. -130.   16.];[ -31.8946747  -130.15015016   15.95307152];[0 0 0];[-31.27 -128.44 14.56]
[ -32. -130.   24.];[ -31.89817249 -130.14773252   23.92889386];[0 0 0];[-31.14 -128.07 22.59]
[ -40. -130.    0.];[ -39.72421139 -130.18072262    0.31735743];[0 0 0];[-37.47 -128.99 0.52]
[ -32. -138.   16.];[ -31.88646751 -138.09451783   15.9285347 ];[0 0 0];[-31.21 -135.73 14.19]
[ -32. -138.    8.];[ -31.87637637 -138.10535636    7.97413163];[0 0 0];[-30.87 -135.95 6.55]
[ -32. -138.    0.];[-3.18741052e+01 -1.38107497e+02  3.65889043e-04];[0 0 0];[-30.73 -136.1 -1.25]
[ -32. -138.   -8.];[ -31.87636641 -138.10536198   -7.97351495];[0 0 0];[-30.72 -135.87 -8.99]
[ -32. -138.  -16.];[ -31.87904852 -138.10221163  -15.94701236];[0 0 0];[-30.73 -135.62 -17.17]
[ -24. -138.  -24.];[ -23.91472423 -138.10562645  -23.91356676];[0 0 0];[-23.42 -135.66 -25.23]
[ -24. -138.  -16.];[ -23.9115189  -138.10938384  -15.94429868];[0 0 0];[-23.13 -135.8 -18.19]
[ -24. -138.   -8.];[ -23.90927421 -138.11196776   -7.97244906];[0 0 0];[-23.08 -136.0 -10.1]
[ -24. -138.    0.];[-2.39074962e+01 -1.38114016e+02 -3.61903531e-04];[0 0 0];[-23.02 -136.18 -2.04]
[ -24. -138.    8.];[ -23.90926711 -138.11197308    7.97183902];[0 0 0];[-23.24 -135.93 6.13]
[ -24. -138.   16.];[ -23.91150951 -138.10938981   15.943796  ];[0 0 0];[-23.24 -135.71 14.19]
[ -24. -138.   24.];[ -23.91417072 -138.10559337   23.91394893];[0 0 0];[-23.26 -135.4 22.29]
[ -16. -138.   32.];[ -15.94967924 -138.0985854    31.88284948];[0 0 0];[-15.9 -134.92 30.31]
[ -16. -138.   24.];[ -15.94507585 -138.10742261   23.91328752];[0 0 0];[-15.75 -135.3 23.11]
[ -16. -138.   16.];[ -15.94118144 -138.11432225   15.94140806];[0 0 0];[-15.85 -135.8 15.04]
[ -16. -138.    8.];[ -15.93957012 -138.11657178    7.97095102];[0 0 0];[-15.69 -136.15 6.74]
[ -16. -138.    0.];[-1.59383375e+01 -1.38118576e+02  3.58880467e-04];[0 0 0];[-15.3 -136.37 -1.53]
[ -16. -138.   -8.];[ -15.93956535 -138.11657721   -7.97034761];[0 0 0];[-15.41 -136.17 -9.51]
[ -16. -138.  -16.];[ -15.94117467 -138.1143292   -15.94091121];[0 0 0];[-15.79 -135.81 -17.18]
[ -16. -138.  -24.];[ -15.94506753 -138.10743158  -23.91287967];[0 0 0];[-15.79 -135.72 -25.31]
[ -16. -138.  -32.];[ -15.94918007 -138.09854832  -31.88321462];[0 0 0];[-16.17 -135.3 -33.09]
[  -8. -138.  -32.];[  -7.97537299 -138.09983615  -31.88287058];[0 0 0];[-8.62 -135.39 -33.61]
[  -8. -138.  -24.];[  -7.97313548 -138.10805575  -23.91263022];[0 0 0];[-8.34 -135.56 -26.44]
[  -8. -138.  -16.];[  -7.97117662 -138.11454331  -15.94085073];[0 0 0];[-8.56 -135.96 -18.65]
[  -8. -138.   -8.];[  -7.96950144 -138.1198987    -7.96978638];[0 0 0];[-8.56 -136.94 -11.28]
[  -8. -138.    0.];[-7.96886323e+00 -1.38121901e+02 -3.56850668e-04];[0 0 0];[-8.59 -137.21 -2.25]
[  -8. -138.    8.];[  -7.9694989  -138.1199047     7.96918689];[0 0 0];[-8.43 -136.62 6.13]
[  -8. -138.   16.];[  -7.97117296 -138.11455139   15.9403567 ];[0 0 0];[-8.08 -135.97 13.8]
[  -8. -138.   24.];[  -7.97313137 -138.10806463   23.91222597];[0 0 0];[-8.09 -135.58 21.91]
[  -8. -138.   32.];[  -7.97521243 -138.09984157   31.88268131];[0 0 0];[-8.0 -135.09 29.98]
[   0. -138.   32.];[-1.62003518e-04 -1.38100191e+02  3.18826839e+01];[0 0 0];[-0.32 -135.18 29.8]
[   0. -138.   24.];[-3.63754412e-09 -1.38108196e+02  2.39124092e+01];[0 0 0];[-0.32 -135.29 22.67]
[   0. -138.   16.];[ 8.31603668e-10 -1.38114549e+02  1.59406649e+01];[0 0 0];[0.09 -135.88 14.98]
[   0. -138.    8.];[-2.29248831e-10 -1.38119835e+02  7.96967766e+00];[0 0 0];[0.46 -136.81 7.28]
[   0. -138.    0.];[ 1.65269250e-10 -1.38124120e+02  3.56046854e-04];[0 0 0];[0.55 -137.36 -1.69]
[   0. -138.   -8.];[-2.79905377e-10 -1.38119841e+02 -7.96907917e+00];[0 0 0];[0.8 -136.93 -9.98]
[   0. -138.  -16.];[ 1.65590263e-10 -1.38114557e+02 -1.59401721e+01];[0 0 0];[0.39 -136.23 -17.19]
[   0. -138.  -24.];[-2.60561445e-10 -1.38108205e+02 -2.39120061e+01];[0 0 0];[0.04 -135.87 -25.26]
[   0. -138.  -32.];[ 6.15562078e-10 -1.38100196e+02 -3.18824966e+01];[0 0 0];[0.24 -135.52 -33.11]
[   8. -138.  -32.];[   7.97504791 -138.09983671  -31.88286775];[0 0 0];[7.86 -135.34 -33.44]
[   8. -138.  -24.];[   7.97313547 -138.10805575  -23.91263022];[0 0 0];[8.17 -135.76 -26.37]
[   8. -138.  -16.];[   7.97117662 -138.11454331  -15.94085073];[0 0 0];[8.16 -136.02 -18.55]
[   8. -138.   -8.];[   7.96950144 -138.11989869   -7.96978638];[0 0 0];[8.2 -136.59 -10.75]
[   8. -138.    0.];[ 7.96886323e+00 -1.38121901e+02 -3.56851259e-04];[0 0 0];[8.35 -136.68 -2.11]
[   8. -138.    8.];[   7.9694989  -138.1199047     7.96918689];[0 0 0];[8.67 -136.33 6.16]
[   8. -138.   16.];[   7.97117296 -138.11455139   15.9403567 ];[0 0 0];[8.52 -135.68 13.62]
[   8. -138.   24.];[   7.97313137 -138.10806463   23.91222597];[0 0 0];[8.35 -135.28 21.54]
[   8. -138.   32.];[   7.97521243 -138.09984157   31.88268131];[0 0 0];[8.49 -134.89 29.64]
[  16. -138.   32.];[  15.94901175 -138.09854379   31.88340138];[0 0 0];[15.72 -134.56 29.81]
[  16. -138.   24.];[  15.94507584 -138.10742261   23.91328756];[0 0 0];[15.86 -135.01 22.36]
[  16. -138.   16.];[  15.94118144 -138.11432226   15.94140806];[0 0 0];[15.76 -135.37 14.74]
[  16. -138.    8.];[  15.93957012 -138.11657178    7.97095102];[0 0 0];[15.32 -135.66 6.51]
[  16. -138.    0.];[ 1.59383375e+01 -1.38118576e+02  3.58878934e-04];[0 0 0];[15.24 -135.87 -1.4]
[  16. -138.   -8.];[  15.93956535 -138.11657721   -7.97034761];[0 0 0];[15.44 -135.93 -9.48]
[  16. -138.  -16.];[  15.94117466 -138.1143292   -15.94091121];[0 0 0];[15.43 -135.64 -17.3]
[  16. -138.  -24.];[  15.94506753 -138.10743158  -23.91287967];[0 0 0];[15.35 -135.56 -25.53]
[  16. -138.  -32.];[  15.94918007 -138.09854832  -31.88321463];[0 0 0];[15.63 -135.15 -33.29]
[  24. -138.  -24.];[  23.91358998 -138.1056185   -23.91471413];[0 0 0];[22.51 -135.34 -26.21]
[  24. -138.  -16.];[  23.91151887 -138.10938385  -15.94429879];[0 0 0];[22.85 -135.59 -18.8]
[  24. -138.   -8.];[  23.90927421 -138.11196776   -7.97244906];[0 0 0];[22.71 -135.61 -10.23]
[  24. -138.    0.];[ 2.39074962e+01 -1.38114016e+02 -3.61909513e-04];[0 0 0];[22.71 -135.55 -2.28]
[  24. -138.    8.];[  23.90926711 -138.11197308    7.97183901];[0 0 0];[22.8 -135.23 5.51]
[  24. -138.   16.];[  23.91150951 -138.10938981   15.943796  ];[0 0 0];[22.93 -134.87 13.6]
[  24. -138.   24.];[  23.91417073 -138.10559337   23.91394893];[0 0 0];[23.04 -134.59 21.52]
[  32. -138.   16.];[  31.87827956 -138.10225795   15.94799299];[0 0 0];[30.11 -134.85 14.22]
[  32. -138.    8.];[  31.87637595 -138.10535676    7.97413401];[0 0 0];[30.29 -135.06 6.17]
[  32. -138.    0.];[ 3.18741052e+01 -1.38107497e+02  3.65887834e-04];[0 0 0];[30.29 -135.37 -1.83]
[  32. -138.   -8.];[  31.87636641 -138.10536198   -7.97351494];[0 0 0];[30.33 -135.25 -9.65]
[  32. -138.  -16.];[  31.87904852 -138.10221162  -15.94701236];[0 0 0];[30.36 -134.95 -17.81]
[  32. -146.  -16.];[  31.85473349 -146.04032464  -15.93783072];[0 0 0];[30.2 -142.23 -18.07]
[  32. -146.   -8.];[  31.85265464 -146.04569655   -7.96976228];[0 0 0];[30.0 -142.63 -10.32]
[  32. -146.    0.];[ 3.18503640e+01 -1.46047790e+02 -3.60624279e-04];[0 0 0];[30.19 -142.47 -2.51]
[  32. -146.    8.];[  31.85264367 -146.04570048    7.96914885];[0 0 0];[30.11 -142.28 5.64]
[  32. -146.   16.];[  31.8547159  -146.04056234   15.9375512 ];[0 0 0];[30.1 -141.94 13.57]
[  24. -146.   24.];[  23.90134954 -146.04492596   23.90019558];[0 0 0];[22.86 -141.81 21.78]
[  24. -146.   16.];[  23.89878387 -146.05244204   15.93666016];[0 0 0];[22.68 -142.18 14.6]
[  24. -146.    8.];[  23.89678387 -146.05655338    7.96892158];[0 0 0];[22.72 -142.3 6.44]
[  24. -146.    0.];[ 2.38949774e+01 -1.46058446e+02  3.56449993e-04];[0 0 0];[22.73 -142.56 -1.17]
[  24. -146.   -8.];[  23.89677596 -146.05655728   -7.96831749];[0 0 0];[22.72 -142.48 -9.6]
[  24. -146.  -16.];[  23.8987735  -146.05244736  -15.93615878];[0 0 0];[22.57 -142.34 -17.8]
[  24. -146.  -24.];[  23.90080578 -146.04491284  -23.90057987];[0 0 0];[22.28 -142.26 -25.31]
[  16. -146.  -32.];[  15.94041873 -146.03921798  -31.85901035];[0 0 0];[14.86 -142.35 -33.05]
[  16. -146.  -24.];[  15.93751616 -146.05155005  -23.90068164];[0 0 0];[14.88 -142.5 -26.18]
[  16. -146.  -16.];[  15.9349318  -146.0587281   -15.93515593];[0 0 0];[14.91 -142.69 -18.23]
[  16. -146.   -8.];[  15.93344287 -146.06229448   -7.96808339];[0 0 0];[14.63 -142.71 -9.57]
[  16. -146.    0.];[ 1.59322011e+01 -1.46064084e+02 -3.53646200e-04];[0 0 0];[14.92 -142.6 -2.19]
[  16. -146.    8.];[  15.93343768 -146.06229838    7.96748566];[0 0 0];[14.92 -142.32 5.56]
[  16. -146.   16.];[  15.93492551 -146.05873271   15.93466143];[0 0 0];[15.09 -141.93 13.93]
[  16. -146.   24.];[  15.93750903 -146.05155613   23.90027386];[0 0 0];[15.43 -141.74 21.97]
[  16. -146.   32.];[  15.93990652 -146.03920157   31.85938466];[0 0 0];[15.76 -141.55 30.17]
[   8. -146.   32.];[   7.97114567 -146.04343138   31.85993931];[0 0 0];[8.2 -141.86 30.56]
[   8. -146.   24.];[   7.96968577 -146.05466401   23.90041114];[0 0 0];[8.2 -142.06 22.9]
[   8. -146.   16.];[   7.96834113 -146.06125128   15.9347836 ];[0 0 0];[8.23 -142.31 14.98]
[   8. -146.    8.];[   7.96723273 -146.06515778    7.96751441];[0 0 0];[7.78 -142.42 6.49]
[   8. -146.    0.];[ 7.96659809e+00 -1.46066899e+02  3.51965324e-04];[0 0 0];[7.27 -142.74 -1.15]
[   8. -146.   -8.];[   7.96723062 -146.06516076   -7.96692078];[0 0 0];[7.34 -142.85 -8.99]
[   8. -146.  -16.];[   7.96833822 -146.06125532  -15.93429302];[0 0 0];[7.37 -142.84 -17.39]
[   8. -146.  -24.];[   7.96968219 -146.05466978  -23.90000678];[0 0 0];[7.27 -142.53 -25.21]
[   8. -146.  -32.];[   7.97098152 -146.04343642  -31.85974352];[0 0 0];[7.61 -142.37 -33.31]
[   0. -146.  -32.];[ 1.66679505e-04 -1.46044697e+02 -3.18600280e+01];[0 0 0];[0.61 -142.54 -33.18]
[   0. -146.  -24.];[ 3.46188124e-09 -1.46055580e+02 -2.39003104e+01];[0 0 0];[0.35 -142.52 -26.3]
[   0. -146.  -16.];[-6.75257703e-10 -1.46061982e+02 -1.59346555e+01];[0 0 0];[0.45 -142.64 -18.37]
[   0. -146.   -8.];[-3.36100420e-10 -1.46065801e+02 -7.96742987e+00];[0 0 0];[0.7 -142.74 -9.68]
[   0. -146.    0.];[-4.54580222e-10 -1.46067590e+02 -3.51482624e-04];[0 0 0];[0.4 -142.94 -2.15]
[   0. -146.    8.];[-2.99776984e-10 -1.46065803e+02  7.96683778e+00];[0 0 0];[0.37 -142.85 6.06]
[   0. -146.   16.];[-3.91843407e-10 -1.46061986e+02  1.59341661e+01];[0 0 0];[0.2 -142.74 14.14]
[   0. -146.   24.];[-2.50339959e-10 -1.46055586e+02  2.38999072e+01];[0 0 0];[0.22 -142.57 21.94]
[   0. -146.   32.];[-2.61232839e-10 -1.46044701e+02  3.18598344e+01];[0 0 0];[0.45 -142.18 29.95]
[  -8. -146.   32.];[  -7.97081123 -146.04343254   31.85993612];[0 0 0];[-7.55 -142.29 30.13]
[  -8. -146.   24.];[  -7.96968576 -146.05466401   23.90041114];[0 0 0];[-7.95 -142.51 22.99]
[  -8. -146.   16.];[  -7.96834113 -146.06125128   15.93478361];[0 0 0];[-7.79 -142.84 14.88]
[  -8. -146.    8.];[  -7.96723273 -146.06515777    7.96751441];[0 0 0];[-7.44 -143.06 6.16]
[  -8. -146.    0.];[-7.96659809e+00 -1.46066899e+02  3.51966523e-04];[0 0 0];[-7.42 -143.07 -1.39]
[  -8. -146.   -8.];[  -7.96723062 -146.06516076   -7.96692078];[0 0 0];[-7.45 -142.84 -9.28]
[  -8. -146.  -16.];[  -7.96833822 -146.06125532  -15.93429302];[0 0 0];[-7.76 -142.76 -17.37]
[  -8. -146.  -24.];[  -7.96968219 -146.05466978  -23.90000678];[0 0 0];[-7.96 -142.61 -25.25]
[  -8. -146.  -32.];[  -7.97098152 -146.04343642  -31.85974352];[0 0 0];[-8.05 -142.54 -33.11]
[ -16. -146.  -32.];[ -15.93973106 -146.03919816  -31.85957745];[0 0 0];[-15.29 -142.52 -33.35]
[ -16. -146.  -24.];[ -15.93751615 -146.05155004  -23.90068169];[0 0 0];[-15.67 -142.72 -26.02]
[ -16. -146.  -16.];[ -15.9349318  -146.0587281   -15.93515594];[0 0 0];[-15.4 -142.97 -18.23]
[ -16. -146.   -8.];[ -15.93344287 -146.06229448   -7.9680834 ];[0 0 0];[-15.34 -143.06 -9.87]
[ -16. -146.    0.];[-1.59322011e+01 -1.46064084e+02 -3.53645643e-04];[0 0 0];[-15.46 -143.34 -2.48]
[ -16. -146.    8.];[ -15.93343768 -146.06229838    7.96748566];[0 0 0];[-15.68 -143.13 5.8]
[ -16. -146.   16.];[ -15.93492551 -146.05873271   15.93466143];[0 0 0];[-15.82 -142.67 14.18]
[ -16. -146.   24.];[ -15.93750903 -146.05155613   23.90027386];[0 0 0];[-15.85 -142.44 22.14]
[ -16. -146.   32.];[ -15.93990652 -146.03920156   31.85938465];[0 0 0];[-15.92 -142.2 30.24]
[ -24. -146.   24.];[ -23.90021826 -146.04492278   23.90134106];[0 0 0];[-23.67 -142.26 23.18]
[ -24. -146.   16.];[ -23.89878384 -146.05244204   15.93666026];[0 0 0];[-23.61 -142.79 15.02]
[ -24. -146.    8.];[ -23.89678386 -146.05655338    7.96892157];[0 0 0];[-23.26 -143.1 6.42]
[ -24. -146.    0.];[-2.38949774e+01 -1.46058446e+02  3.56450267e-04];[0 0 0];[-23.09 -143.21 -1.53]
[ -24. -146.   -8.];[ -23.89677597 -146.05655728   -7.96831749];[0 0 0];[-23.09 -143.01 -8.96]
[ -24. -146.  -16.];[ -23.89877351 -146.05244736  -15.93615878];[0 0 0];[-23.2 -142.84 -17.39]
[ -24. -146.  -24.];[ -23.90080579 -146.04491285  -23.90057988];[0 0 0];[-23.36 -142.73 -25.05]
[ -32. -146.  -16.];[ -31.85394617 -146.04058495  -15.93853557];[0 0 0];[-30.7 -143.15 -17.68]
[ -32. -146.   -8.];[ -31.85265461 -146.04569656   -7.96976237];[0 0 0];[-30.74 -143.31 -9.51]
[ -32. -146.    0.];[-3.18503640e+01 -1.46047790e+02 -3.60623443e-04];[0 0 0];[-30.88 -143.28 -2.21]
[ -32. -146.    8.];[ -31.85264368 -146.04570049    7.96914885];[0 0 0];[-30.92 -143.16 5.95]
[ -32. -146.   16.];[ -31.85471592 -146.04056234   15.9375512 ];[0 0 0];[-31.09 -142.68 14.49]
[ -32. -154.    0.];[-3.18106656e+01 -1.53955505e+02  1.52166912e-02];[0 0 0];[-30.91 -150.15 -0.37]
[ -24. -154.  -16.];[ -23.88497593 -153.9788968   -15.91222775];[0 0 0];[-24.31 -149.93 -17.72]
[ -24. -154.   -8.];[ -23.87804719 -153.98622561   -7.96384216];[0 0 0];[-23.92 -149.92 -10.81]
[ -24. -154.    0.];[-2.38760826e+01 -1.53988272e+02 -3.50900776e-04];[0 0 0];[-23.44 -150.17 -2.23]
[ -24. -154.    8.];[ -23.87803736 -153.98622794    7.9632438 ];[0 0 0];[-23.56 -149.89 6.57]
[ -24. -154.   16.];[ -23.87999501 -153.97911139   15.92524309];[0 0 0];[-23.7 -149.3 15.29]
[ -16. -154.   24.];[ -15.92726273 -153.97942543   23.88122273];[0 0 0];[-16.19 -149.4 22.64]
[ -16. -154.   16.];[ -15.92553558 -153.99207702   15.92575781];[0 0 0];[-16.24 -149.4 15.56]
[ -16. -154.    8.];[ -15.92406122 -153.99811266    7.96373619];[0 0 0];[-16.25 -149.26 7.53]
[ -16. -154.    0.];[-1.59227446e+01 -1.53999945e+02  3.48102909e-04];[0 0 0];[-16.14 -149.46 -1.49]
[ -16. -154.   -8.];[ -15.92405518 -153.99811492   -7.96314282];[0 0 0];[-16.18 -149.42 -9.91]
[ -16. -154.  -16.];[ -15.92553008 -153.99208187  -15.92526302];[0 0 0];[-16.09 -149.54 -18.16]
[ -16. -154.  -24.];[ -15.9266743  -153.97943143  -23.88163159];[0 0 0];[-16.29 -149.63 -25.73]
[  -8. -154.  -24.];[  -7.96489059 -153.9866436   -23.88182887];[0 0 0];[-8.85 -149.8 -26.1]
[  -8. -154.  -16.];[  -7.96403412 -153.99813999  -15.92548219];[0 0 0];[-8.53 -149.61 -18.74]
[  -8. -154.   -8.];[  -7.96369022 -154.00361455   -7.96396884];[0 0 0];[-8.35 -149.2 -10.69]
[  -8. -154.    0.];[-7.96307530e+00 -1.54005319e+02 -3.46990276e-04];[0 0 0];[-8.4 -148.94 -1.72]
[  -8. -154.    8.];[  -7.96368875 -154.00361663    7.9633801 ];[0 0 0];[-8.73 -148.93 6.76]
[  -8. -154.   16.];[  -7.96403266 -153.99814438   15.92499397];[0 0 0];[-8.24 -149.14 14.14]
[  -8. -154.   24.];[  -7.96469091 -153.98664905   23.88159596];[0 0 0];[-8.09 -149.29 21.99]
[   0. -154.   32.];[-6.09064386e-04 -1.53965163e+02  3.18225369e+01];[0 0 0];[-0.37 -149.46 29.51]
[   0. -154.   24.];[-1.86683931e-08 -1.53988795e+02  2.38819504e+01];[0 0 0];[0.12 -149.47 22.7]
[   0. -154.   16.];[-5.67359498e-09 -1.53999943e+02  1.59253739e+01];[0 0 0];[-0.08 -149.04 15.25]
[   0. -154.    8.];[-5.24933626e-09 -1.54005234e+02  7.96393320e+00];[0 0 0];[-0.46 -148.64 7.61]
[   0. -154.    0.];[-3.11113973e-09 -1.54006767e+02  3.47035374e-04];[0 0 0];[-0.26 -148.61 -1.45]
[   0. -154.   -8.];[-2.61198735e-09 -1.54005236e+02 -7.96334679e+00];[0 0 0];[-0.1 -148.88 -10.02]
[   0. -154.  -16.];[-1.35958445e-09 -1.53999947e+02 -1.59248870e+01];[0 0 0];[-0.1 -149.45 -17.2]
[   0. -154.  -24.];[-1.35127578e-09 -1.53988803e+02 -2.38815456e+01];[0 0 0];[-0.21 -149.52 -25.12]
[   0. -154.  -32.];[-1.47202014e-09 -1.53965157e+02 -3.18229792e+01];[0 0 0];[-0.04 -149.77 -33.05]
[   8. -154.  -24.];[   7.96415527 -153.98663169  -23.88230542];[0 0 0];[7.47 -149.56 -26.35]
[   8. -154.  -16.];[   7.96403409 -153.99813998  -15.92548224];[0 0 0];[7.72 -149.65 -18.6]
[   8. -154.   -8.];[   7.96369021 -154.00361454   -7.96396884];[0 0 0];[7.51 -149.32 -10.32]
[   8. -154.    0.];[ 7.96307529e+00 -1.54005319e+02 -3.46992068e-04];[0 0 0];[7.35 -148.98 -1.54]
[   8. -154.    8.];[   7.96368875 -154.00361662    7.9633801 ];[0 0 0];[7.35 -148.96 6.5]
[   8. -154.   16.];[   7.96403266 -153.99814437   15.92499396];[0 0 0];[7.29 -149.08 14.23]
[   8. -154.   24.];[   7.9646909  -153.98664904   23.88159595];[0 0 0];[7.43 -149.11 22.23]
[  16. -154.   24.];[  15.92645283 -153.9794288    23.881861  ];[0 0 0];[15.22 -149.03 22.49]
[  16. -154.   16.];[  15.92553554 -153.992077     15.92575786];[0 0 0];[15.31 -149.25 15.2]
[  16. -154.    8.];[  15.92406122 -153.99811265    7.96373618];[0 0 0];[14.72 -149.39 6.99]
[  16. -154.    0.];[ 1.59227446e+01 -1.53999945e+02  3.48098182e-04];[0 0 0];[14.62 -149.52 -1.82]
[  16. -154.   -8.];[  15.92405518 -153.99811492   -7.96314282];[0 0 0];[14.75 -149.51 -10.11]
[  16. -154.  -16.];[  15.92553008 -153.99208186  -15.92526302];[0 0 0];[14.59 -149.58 -17.42]
[  16. -154.  -24.];[  15.9266743  -153.97943143  -23.88163159];[0 0 0];[14.71 -149.63 -25.28]
[  24. -154.  -16.];[  23.87927377 -153.97910901  -15.92619517];[0 0 0];[21.98 -149.64 -18.53]
[  24. -154.   -8.];[  23.87804691 -153.98622559   -7.96384377];[0 0 0];[21.94 -149.79 -10.12]
[  24. -154.    0.];[ 2.38760826e+01 -1.53988272e+02 -3.50909784e-04];[0 0 0];[22.06 -149.79 -2.23]
[  24. -154.    8.];[  23.87803732 -153.98622792    7.96324379];[0 0 0];[22.23 -149.67 5.7]
[  24. -154.   16.];[  23.87999499 -153.97911138   15.92524308];[0 0 0];[22.54 -149.25 13.83]
[  32. -154.    0.];[ 3.18018410e+01 -1.53962988e+02  1.72674979e-02];[0 0 0];[29.74 -150.0 -1.13]
[  24. -162.    0.];[ 2.38467327e+01 -1.61893799e+02  1.89865380e-06];[0 0 0];[23.39 -156.78 -1.88]
[  16. -162.  -16.];[  15.91734699 -161.90780339  -15.89792645];[0 0 0];[16.31 -156.25 -18.37]
[  16. -162.   -8.];[  15.91158427 -161.92011566   -7.95824416];[0 0 0];[16.0 -156.18 -11.31]
[  16. -162.    0.];[ 1.59105518e+01 -1.61922660e+02 -3.43437076e-04];[0 0 0];[15.67 -156.13 -2.11]
[  16. -162.    8.];[  15.91157809 -161.92011684    7.95765343];[0 0 0];[15.3 -156.07 7.18]
[  16. -162.   16.];[  15.91179722 -161.9086287    15.91152279];[0 0 0];[15.19 -156.12 15.18]
[   8. -162.   16.];[   7.9588042  -161.92124606   15.91284072];[0 0 0];[7.54 -156.08 15.94]
[   8. -162.    8.];[   7.95877147 -161.93227529    7.95904831];[0 0 0];[7.51 -155.93 7.96]
[   8. -162.    0.];[ 7.95822760e+00 -1.61934534e+02  3.42327707e-04];[0 0 0];[7.74 -155.96 -1.21]
[   8. -162.   -8.];[   7.95877035 -161.93227911   -7.95846101];[0 0 0];[7.67 -155.83 -9.99]
[   8. -162.  -16.];[   7.95856515 -161.92125412  -15.91256827];[0 0 0];[7.45 -155.78 -18.38]
[   0. -162.  -24.];[ 6.98993678e-04 -1.61898975e+02 -2.38514448e+01];[0 0 0];[-0.96 -156.59 -25.45]
[   0. -162.  -16.];[ 1.97239108e-08 -1.61924842e+02 -1.59133127e+01];[0 0 0];[-1.18 -156.23 -19.09]
[   0. -162.   -8.];[-2.14590983e-09 -1.61935477e+02 -7.95910948e+00];[0 0 0];[-1.01 -156.06 -10.7]
[   0. -162.    0.];[ 5.75114101e-10 -1.61939126e+02 -3.42511690e-04];[0 0 0];[-0.99 -155.92 -1.85]
[   0. -162.    8.];[ 4.71799830e-10 -1.61935484e+02  7.95852519e+00];[0 0 0];[-1.07 -155.69 7.05]
[   0. -162.   16.];[-7.50175951e-11 -1.61924853e+02  1.59128219e+01];[0 0 0];[-0.87 -155.52 15.52]
[   0. -162.   24.];[ 7.95560915e-10 -1.61898990e+02  2.38519324e+01];[0 0 0];[-0.52 -156.01 22.88]
[  -8. -162.   16.];[  -7.95790282 -161.92120695   15.91344316];[0 0 0];[-8.98 -155.72 16.62]
[  -8. -162.    8.];[  -7.95877144 -161.93227529    7.95904838];[0 0 0];[-9.31 -155.9 7.96]
[  -8. -162.    0.];[-7.95822761e+00 -1.61934534e+02  3.42319244e-04];[0 0 0];[-9.21 -156.11 -0.96]
[  -8. -162.   -8.];[  -7.95877036 -161.93227911   -7.95846101];[0 0 0];[-9.15 -156.04 -9.55]
[  -8. -162.  -16.];[  -7.95856515 -161.92125412  -15.91256826];[0 0 0];[-9.39 -155.99 -18.07]
[ -16. -162.  -16.];[ -15.91152829 -161.90862985  -15.91179792];[0 0 0];[-17.15 -156.31 -18.35]
[ -16. -162.   -8.];[ -15.91158401 -161.92011563   -7.95824571];[0 0 0];[-17.3 -156.66 -10.6]
[ -16. -162.    0.];[-1.59105518e+01 -1.61922660e+02 -3.43434119e-04];[0 0 0];[-17.46 -156.43 -1.75]
[ -16. -162.    8.];[ -15.91157808 -161.92011683    7.95765343];[0 0 0];[-17.3 -156.11 7.13]
[ -16. -162.   16.];[ -15.91179722 -161.9086287    15.91152279];[0 0 0];[-16.95 -156.1 15.6]
[ -24. -162.    0.];[-2.38365691e+01 -1.61894062e+02  1.62859118e-02];[0 0 0];[-23.29 -157.28 -0.69]
[   0. -170.    0.];[-2.69757145e-01 -1.69742662e+02  1.83532795e-04];[0 0 0];[-3.87 -162.54 -1.2]
